concurrency,completed_qps,mean_ttft_ms,p99_ttft_ms,mean_tpot_ms,p99_tpot_ms,slo_attainment,start_cohort_slo_attainment,joint_slo_pass,requests,duration_s,artifact
1,0.327135045027967,670.2682525005002,683.1507873297596,30.584397467308197,30.684269014351838,1.0,1.0,True,20,61.136831116000394,c1
8,1.9796668778135238,824.5125317376942,1108.3639849116294,39.459194870851896,41.90047373461615,1.0,1.0,True,122,61.62652988099944,c8
16,3.2307230401226743,856.7899712165807,1167.1478078188368,50.65830404268914,54.575882615271645,1.0,1.0,True,194,60.0484775670011,c16
24,4.126045089869251,821.6696493252958,1191.8483637204922,62.99017454021141,66.06003697126886,1.0,1.0,True,249,60.34834680100175,c24
32,4.781807822113625,693.5093370070923,969.0879621775088,77.23325532591754,82.19533950282755,1.0,1.0,True,287,60.01914143700196,c32
40,5.2865356516853055,812.345463691977,1510.5884174507073,87.11499061852953,90.88373581164583,1.0,1.0,True,318,60.15281480200065,c40
44,5.364912158281917,828.9440009720847,1634.0990056000026,94.55064795904396,99.30486141664659,0.9968944099378882,0.9968944099378882,True,966,180.05886611000096,c44-confirm
46,5.45050258906717,953.816106325874,2360.896177102768,96.46027281630717,101.43684559617469,0.9511201629327902,0.9470468431771895,False,491,90.08343578899803,c46
48,5.504338390532303,1082.659815412593,2545.126469530951,98.3675662053205,105.81717884896185,0.6626506024096386,0.6445783132530121,False,332,60.316059159998986,c48
