point,target_rate,measured_arrivals,schedule_sha256,qps_measured,qps_simulated,qps_error_pct,ttft_mean_ms_measured,ttft_mean_ms_simulated,ttft_mean_ms_error_pct,ttft_p99_ms_measured,ttft_p99_ms_simulated,ttft_p99_ms_error_pct,tpot_mean_ms_measured,tpot_mean_ms_simulated,tpot_mean_ms_error_pct,tpot_p99_ms_measured,tpot_p99_ms_simulated,tpot_p99_ms_error_pct,mean_inflight_measured,mean_inflight_simulated,mean_inflight_error_pct,arrival_cohort_slo_measured,arrival_cohort_slo_simulated,arrival_cohort_slo_error_pp,completion_cohort_slo_measured,completion_cohort_slo_simulated,completion_cohort_slo_error_pp,measured_pass,simulated_pass,experiment_source
baseline/rate-0.500,0.5,18,6deceae31dc3884d911d3b6ecc6b3a2f7d7134a8ff828a4523cf6b54822d794d,0.31666666666666665,0.31666666666666665,0.0,885.988342847971,830.8471614649915,-6.223691522365926,1508.872373947706,1318.3502194847724,-12.626790559128931,44.13170190883437,29.877062225750105,-32.30022651863953,61.999719021155336,47.7407175770456,-22.998493653244346,1.350492588483515,0.9861766307909612,-26.976524032734517,1.0,1.0,0.0,1.0,1.0,0.0,True,True,original_seed17
baseline/rate-1.000,1.0,53,a1d7b39a885f507e9d98fdaf469f9ef9161440a96e77a1eaf659cc9055c67982,0.7166666666666667,0.7666666666666667,6.976744186046524,1179.210669939013,1159.7817740224339,-1.647618734452605,2317.7333360676125,2253.4705556504928,-2.772656345623925,120.62642468238793,71.47100643718859,-40.75012450599166,269.0647857702406,150.0894230904596,-44.21810990211712,9.06521053546694,5.9470079314130855,-34.39746481181134,0.5283018867924528,0.7924528301886793,26.415094339622648,0.627906976744186,0.8260869565217391,19.817997977755308,False,False,original_seed17
baseline/refine-0.750,0.75,33,103e34925a715b7ce25507b17139f51eaf558c0d3b1dd5f669cbcc0c1e19aead,0.5333333333333333,0.5333333333333333,0.0,978.0854786307222,958.8299146905642,-1.9686995013068698,2015.7238736827273,2000.9262486914556,-0.7341097252688944,56.076104911036495,36.41293842263923,-35.06514320064213,114.83862752975814,81.81805749515249,-28.753887733505902,2.766143889499896,1.9638557334239086,-29.003847526566553,0.9696969696969697,1.0,3.0303030303030276,1.0,1.0,0.0,False,True,original_seed17
optimized/rate-0.500,0.5,18,6deceae31dc3884d911d3b6ecc6b3a2f7d7134a8ff828a4523cf6b54822d794d,0.31666666666666665,0.31666666666666665,0.0,667.16143807005,478.99670989826944,-28.203777591837355,712.9600654966998,514.4430517440676,-27.84405794374063,32.39455120939883,41.10889957946002,26.900660897357476,34.58409290012824,45.278924443902916,30.924134904041445,1.0077751525834173,1.1562619868792443,14.734123372181095,1.0,1.0,0.0,1.0,1.0,0.0,True,True,original_seed17
optimized/rate-1.000,1.0,53,a1d7b39a885f507e9d98fdaf469f9ef9161440a96e77a1eaf659cc9055c67982,0.8833333333333333,0.8833333333333333,0.0,633.7658404309483,489.8851975981744,-22.702492569643372,735.4051936806353,573.3885935005576,-22.030929557241706,35.2419672651151,45.20194378041048,28.261692772056012,38.899495034881205,51.27786383929894,31.821412574425544,3.0546611748500556,3.6187671015801666,18.467053936278255,1.0,1.0,0.0,1.0,1.0,0.0,True,True,original_seed17
optimized/rate-1.500,1.5,92,55b82a6bafecef5cb10b0d58d369222786d070705c51f35adad4bee0d159549a,1.4333333333333333,1.4333333333333333,0.0,616.1949658166043,500.9142180218945,-18.708485818597286,821.7551557372647,689.9310758398806,-16.041770955378276,40.01176281396289,51.20030324991085,27.963127963068658,48.287130333976215,59.93778973059964,24.127876964404503,5.435080054166732,6.524804340404017,20.049829540263396,1.0,1.0,0.0,1.0,1.0,0.0,True,True,original_seed17
optimized/rate-2.000,2.0,119,623440da84dfbb5ab4cce70291eaaec396a14a8e0d44ca0da9f8f693ad551ebb,2.033333333333333,1.9833333333333334,-2.4590163934426146,614.6858475167544,522.0950142861808,-15.063114533159938,1146.1656831978319,860.7108778737957,-24.905195602053787,42.48402239010957,54.95832801994849,29.36234595513012,54.81429892125631,62.39698323038209,13.833405622899075,7.9322182131504935,9.666141069071292,21.85924301787614,1.0,1.0,0.0,1.0,1.0,0.0,True,True,original_seed17
optimized/rate-3.000,3.0,184,4cea94fbafec6d0f1d060c9a6f9d054359aa28d3a37c0efa678e7bdf1b43af73,3.1666666666666665,3.1166666666666667,-1.5789473684210464,661.5006820254918,596.3020851665289,-9.85616472220816,1147.5195060512121,1046.0055303368965,-8.84638345396328,51.227511298772974,65.90369388796604,28.649025137289065,61.900029801389536,74.75712809764491,20.770746536808215,14.443146416366714,17.77447508769079,23.065117359393895,1.0,1.0,0.0,1.0,1.0,0.0,True,True,original_seed17
optimized/rate-4.136,4.135823836327486,532,f0d2d2a990a925f6a5e0ded7fcdf713fee9caaece4c61c02d1ed0b19f4288fc0,4.425,4.425,0.0,885.1703990587229,804.2880407873703,-9.13749017786425,2008.2479707002462,1825.4750170148784,-9.101114820080591,69.39538605441567,84.47383172722381,21.728311534983803,89.74185938844428,94.34893036656231,5.13369235885397,28.13926460094126,32.86857280354475,16.806793886309656,1.0,1.0,0.0,1.0,1.0,0.0,True,True,original_seed17
optimized/rate-4.744,4.744246360930501,605,88de821ab27c9ecf7b0580b44be7e4c484e70320333f93a9b3983919d2e2908e,5.041666666666667,5.083333333333333,0.8264462809917328,1121.7592095173288,965.5550020920145,-13.924932026412861,2756.810808713927,2346.254889474184,-14.89242272055914,86.44412839008307,87.8311282203567,1.6045043846294904,106.29968612721244,97.01775503294809,-8.731851835532566,39.63914414173329,39.46493508844355,-0.4394874235095436,0.8942148760330578,1.0,10.578512396694217,0.8942148760330578,1.0,10.578512396694217,False,True,original_seed17
optimized/refine-4.440,4.440035098628993,564,7c0dccce1962c5240081f54b1d16c786d1e550d66d6a667ca86fb1665adf43e9,4.775,4.741666666666666,-0.6980802792321272,998.9022992860156,887.3794679805608,-11.164538452375961,2307.0208744766205,2104.4168571707132,-8.782062596285389,76.89620917319112,86.07985290814472,11.942908283384334,95.84353619818918,93.22079612887288,-2.7364809076878105,33.131475712941516,35.860354951292926,8.236515819563927,1.0,1.0,0.0,1.0,1.0,0.0,True,True,original_seed17
baseline/rate-0.750-seed-29,0.75,41,cbf7edf31187f58b845e00dd4ed93ed88a999938d1b8207cc21d8bb39a023421,0.7833333333333333,0.8166666666666667,4.255319148936176,1180.0620271183661,1124.351005026606,-4.7210248962762495,2702.0029352759593,2741.7369251324008,1.470538367582619,81.2353067348368,51.41950074766279,-36.703013979496504,144.9418376205125,113.72964455635557,-21.53428821971808,6.510904351400435,4.2129265127237225,-35.2942957637281,0.7073170731707317,0.926829268292683,21.95121951219513,0.5531914893617021,0.8571428571428571,30.395136778115493,False,False,repeat_seeds29_43
baseline/rate-0.750-seed-43,0.75,40,3d31ab2c209314722c444c1af58c8a5509fa28cc226b097e37fe416247db3be7,0.75,0.6666666666666666,-11.111111111111116,1109.3586418090126,1034.4331698257215,-6.753944951572322,2514.825059923969,2404.459163193803,-4.388611299010314,74.0302001663412,53.60838370262748,-27.585791228211175,155.70488914537867,142.05894759633722,-8.763977562901381,4.246159625749715,2.867980790461976,-32.457066072837605,0.775,0.875,9.999999999999998,0.8222222222222222,1.0,17.777777777777782,False,False,repeat_seeds29_43
optimized/rate-1.000-seed-29,1.0,56,66802d5114430dbbf571ef43e33616bfb5c0cad1dec1b6a03cbc834158924b10,0.8,0.8166666666666667,2.083333333333326,633.9713837466791,513.5452678140571,-18.995512892225687,766.3434539885203,722.5166816471049,-5.7189465263015045,36.62136948832161,47.51759476420541,29.753735122763647,47.7643109505945,55.96789154946744,17.175126021096364,2.897957316382599,3.4833755496312846,20.201064727186502,1.0,1.0,0.0,1.0,1.0,0.0,True,True,repeat_seeds29_43
optimized/rate-1.000-seed-43,1.0,52,cd50595f0d6dea10edc662661677fb50169007dd2e19f341cdd055788c536ea6,0.85,0.85,0.0,628.7481182431433,496.6782277182407,-21.00521444007405,787.9316340626249,716.2152954015071,-9.101847871159052,35.132454754190206,45.577095331731925,29.72932193500086,39.66417777694472,50.12108698861174,26.363610183658515,2.890334633300275,3.4752449288421,20.23676735568698,1.0,1.0,0.0,1.0,1.0,0.0,True,True,repeat_seeds29_43
optimized/rate-4.440-seed-29,4.440035098628993,544,bba06daeeda6825e110e773e1b5f0c707f6eb567ba526fec400206c47593119d,4.558333333333334,4.575,0.3656307129798808,1082.3905143596248,951.7047546531691,-12.073808664497898,2911.1759359880675,2295.8089523555327,-21.138089801627746,74.70510014960492,84.81109080296267,13.52784566665386,103.42733431638362,97.33736701566056,-5.888160360097738,31.287424867558002,34.229504056858715,9.403391943423767,0.8952205882352942,1.0,10.477941176470583,0.8957952468007313,1.0,10.420475319926869,False,True,repeat_seeds29_43
optimized/rate-4.440-seed-43,4.440035098628993,575,dd8659cf7effaa6e9621a3a32e9d10e27a02877456b368a95e300a46dda51d58,4.725,4.75,0.5291005291005346,976.551654705874,872.4345338417439,-10.661711580990453,2273.2501197318197,2101.619172459341,-7.550024776540054,78.11402591667881,86.97687115688909,11.346035665430843,104.7589809015335,93.88927357015004,-10.375919312922932,33.468715100582386,36.364883582178685,8.653360228776453,0.9426086956521739,1.0,5.739130434782613,0.9417989417989417,1.0,5.820105820105825,False,True,repeat_seeds29_43
optimized/rate-4.744-seed-29,4.744246360930501,575,918e3f530d0545fade1eeba3b0e6f3dc1d754fb734defd116ddf46dad1dff897,4.783333333333333,4.775,-0.17421602787455193,1334.605229358561,1137.3761702116733,-14.778082297915173,3850.3808558612945,3183.625030434745,-17.316620105555824,80.40876496200623,86.84648194824689,8.006237863847975,103.59549341433217,96.29280904626884,-7.049229775716304,36.61264124610037,37.91634346095964,3.5607980481280554,0.8817391304347826,0.96,7.826086956521738,0.8815331010452961,0.9598603839441536,7.832728289885749,False,False,repeat_seeds29_43
optimized/rate-4.744-seed-43,4.744246360930501,610,03c0bbf7cade040b01d546db713bca32fad0e9bd400312739ab1ca7ddc87e956,5.008333333333334,5.066666666666666,1.1647254575706922,1234.8849702251457,1023.0520871093644,-17.15405792631517,2690.2228731523787,2374.034431026581,-11.753243394116675,85.66990069258239,87.96518552962014,2.6792196774852783,101.65167602079191,101.6217865148245,-0.029403849633813373,40.470277483258904,40.335056285533,-0.3341247111088852,0.9508196721311475,0.9754098360655737,2.4590163934426257,0.9500831946755408,0.975328947368421,2.524575269288021,False,False,repeat_seeds29_43
