variant,activation_bytes_each_direction,activation_mib_each_direction,samples,rows,gpu_ready_rtt_ms_mean,gpu_ready_rtt_ms_p50,gpu_ready_rtt_ms_p95,gpu_ready_rtt_ms_std,rpc_ms_mean,rpc_ms_p50,rpc_ms_p95,rpc_ms_std,http_transport_ms_mean,http_transport_ms_p50,http_transport_ms_p95,http_transport_ms_std,upload_path_ms_mean,upload_path_ms_p50,upload_path_ms_p95,upload_path_ms_std,download_path_ms_mean,download_path_ms_p50,download_path_ms_p95,download_path_ms_std,enterprise_d2h_ms_mean,enterprise_d2h_ms_p50,enterprise_d2h_ms_p95,enterprise_d2h_ms_std,enterprise_pack_ms_mean,enterprise_pack_ms_p50,enterprise_pack_ms_p95,enterprise_pack_ms_std,enterprise_unpack_ms_mean,enterprise_unpack_ms_p50,enterprise_unpack_ms_p95,enterprise_unpack_ms_std,enterprise_h2d_tp_ms_mean,enterprise_h2d_tp_ms_p50,enterprise_h2d_tp_ms_p95,enterprise_h2d_tp_ms_std,cloud_body_read_ms_mean,cloud_body_read_ms_p50,cloud_body_read_ms_p95,cloud_body_read_ms_std,cloud_unpack_ms_mean,cloud_unpack_ms_p50,cloud_unpack_ms_p95,cloud_unpack_ms_std,cloud_dispatch_ms_mean,cloud_dispatch_ms_p50,cloud_dispatch_ms_p95,cloud_dispatch_ms_std,cloud_executor_ms_mean,cloud_executor_ms_p50,cloud_executor_ms_p95,cloud_executor_ms_std,cloud_worker_ms_mean,cloud_worker_ms_p50,cloud_worker_ms_p95,cloud_worker_ms_std,cloud_h2d_tp_ms_mean,cloud_h2d_tp_ms_p50,cloud_h2d_tp_ms_p95,cloud_h2d_tp_ms_std,cloud_d2h_ms_mean,cloud_d2h_ms_p50,cloud_d2h_ms_p95,cloud_d2h_ms_std,cloud_pack_ms_mean,cloud_pack_ms_p50,cloud_pack_ms_p95,cloud_pack_ms_std,cloud_ipc_residual_ms_mean,cloud_ipc_residual_ms_p50,cloud_ipc_residual_ms_p95,cloud_ipc_residual_ms_std,upload_wire_bytes_mean,download_wire_bytes_mean
baseline,8192,0.0078125,16,1,11.7029361875,11.7210465,11.92372725,0.15332403377496728,11.3353435625,11.369024,11.5476065,0.14274405947795565,10.7170515625,10.6967855,10.887422999999998,0.07396690485021704,5.3840798125000005,5.3608744999999995,5.5491965,0.06759696984723007,5.3329717500000005,5.3318995000000005,5.37374975,0.023144479029835574,0.06462174999999999,0.0637355,0.06982325,0.004654371553980193,0.032924875000000006,0.0325815,0.0349395,0.0011438983715238867,0.036400625,0.036567,0.038288749999999996,0.0012677879295745799,0.2335390625,0.230399,0.25793325,0.016327138150441237,0.038494,0.0290715,0.07135775,0.03874184953154663,0.031803,0.032302,0.034473750000000004,0.002064560304277887,0.03843675,0.037271,0.049839,0.006323169137189042,0.5170351875000001,0.49396000000000007,0.719273,0.1019454355686283,0.2476624375,0.24386950000000002,0.27464125,0.016937763230311542,0.2010016875,0.19526949999999998,0.2312635,0.019463714701075017,0.04666075,0.043451000000000004,0.05927575,0.006556868998424476,0.028828375,0.027091999999999998,0.037358,0.005679776908856104,0.26937275,0.24580200000000005,0.45465049999999996,0.09026158859981637,8335.0,8514.0625
baseline,32768,0.03125,16,4,11.7392215625,11.7226255,11.85883025,0.08697938403794936,11.347461249999999,11.348275000000001,11.471715,0.09838929274094066,10.7224820625,10.7192225,10.758604,0.02210941808502884,5.365900875,5.370031,5.383776,0.012772801889537536,5.3565811875,5.348662,5.38063075,0.014380439797772029,0.06772881250000001,0.066828,0.07288275,0.003704509805945146,0.0381116875,0.038251499999999994,0.041476,0.002350646206863923,0.0377326875,0.037447,0.03967875,0.0010968407313022923,0.2480776875,0.250311,0.27423074999999997,0.01708930780385337,0.034929,0.0347555,0.03965175,0.0036140883186496706,0.032323624999999995,0.0317805,0.035788,0.0025031332334446354,0.0381603125,0.036097500000000005,0.050646250000000004,0.006887296809332655,0.5221109375,0.5241665,0.6022265,0.06646313598291607,0.26016562499999996,0.2613835,0.2906335,0.021893756589707825,0.214666875,0.21710000000000002,0.2398925,0.019331813219648462,0.04549875,0.044309,0.051081,0.0032213759773581222,0.030371062499999997,0.0284645,0.03908075,0.005328688798249879,0.26194531249999997,0.2577595,0.324156,0.046778076521911884,32913.0,33091.875
baseline,131072,0.125,16,16,12.102740687499999,12.065694,12.254624,0.09382755181163398,11.616721312500001,11.60229,11.720765,0.056336466299279554,10.8963999375,10.869885499999999,11.024464000000002,0.06724917522493226,5.4320795625,5.425199,5.48150625,0.03009416632000441,5.464320375,5.44974,5.53808125,0.04022059004862288,0.07992356249999999,0.078122,0.09144325,0.0077149822745158515,0.084985,0.060819,0.17300325,0.041905315102919824,0.045433,0.0418235,0.06582425,0.008629386348402766,0.2755664375,0.27780649999999996,0.31943225,0.028454563838619874,0.069560875,0.0667605,0.085954,0.009216408647590178,0.040720687500000005,0.039818,0.04448875,0.002925716487434103,0.048259750000000004,0.046967,0.0555745,0.0035254848691350237,0.587376,0.5864510000000001,0.636863,0.0364036053382766,0.26319075000000003,0.261031,0.28298875,0.011093149933066801,0.206721125,0.2051835,0.22557375,0.01025997937299949,0.056469624999999996,0.056443,0.0590845,0.0015894307894258868,0.0416239375,0.0411995,0.0435625,0.0013443900786578834,0.32418525,0.32562100000000005,0.363428,0.030426691122885853,131220.0,131398.375
baseline,524288,0.5,16,64,13.909364687499998,13.804055,14.4844855,0.4355779006103153,12.975131937499999,12.891183,13.3147465,0.25083047534078395,11.3164301875,11.2926045,11.405074,0.07398549920019704,5.6344518125,5.6369405,5.669923000000001,0.026584663217771736,5.681978375,5.673178500000001,5.76973,0.08248861838601967,0.12656418749999998,0.126019,0.132374,0.004291716224582396,0.42016775,0.4027385,0.7399052500000001,0.26305328075494044,0.07587068749999999,0.07444100000000001,0.08132225,0.0031176489683483848,0.31150806249999996,0.3075935,0.34390575,0.015096952769800718,0.2381734375,0.2436415,0.29360875,0.041926108926850024,0.067866375,0.06671250000000001,0.0757245,0.005039581131837746,0.0502208125,0.049814,0.05444975,0.003201908907564947,1.3231391874999998,1.2822525,1.54843075,0.1689178426699718,0.4069795,0.4063055,0.470497,0.04413318441093958,0.27248206249999996,0.273933,0.31666025000000003,0.023896955165535083,0.13449743749999998,0.1312905,0.1754075,0.02408377739778571,0.2146976875,0.176616,0.38123025,0.1020386805320161,0.9161596875,0.8584765,1.1709239999999999,0.17282757844334287,524438.0,524616.5
baseline,1048576,1.0,16,128,16.63075975,16.660999,17.7952495,1.0415270824115361,15.533041125,15.523280499999998,16.66111675,1.0463162351237838,12.051616375,12.1039435,12.260814,0.16821898521676845,6.0298416875,6.0293105,6.23437775,0.17083493330394936,6.021774687500001,6.000513,6.136991500000001,0.058483300874821106,0.1928344375,0.185872,0.220862,0.02098473283713885,0.36882725,0.343936,0.45840225,0.05995848660583839,0.1360485,0.1329805,0.15790925,0.01289899486878726,0.3998745625,0.39895,0.42973300000000003,0.01547749438284808,0.632451125,0.6308895,0.81977175,0.16711385224446348,0.234373375,0.236867,0.31662875,0.07343919707560381,0.0551218125,0.0547195,0.060399999999999995,0.003562160198158379,2.57437175,2.579712,3.1961565,0.5584116206544573,0.5889364374999999,0.5563885,0.6782042500000001,0.05565065021516904,0.352094,0.35347649999999997,0.36765025,0.010904666598525606,0.2368424375,0.210301,0.31891075,0.04806201010279421,0.6148190625000001,0.6133109999999999,0.923529,0.2621206204764013,1.9854353125,2.0091785,2.6502822499999996,0.6024174697519484,1048729.0,1048906.125
baseline,2097152,2.0,16,256,22.5838131875,23.098249,25.667673,2.9266869077972837,20.384518874999998,20.998631500000002,23.191859,2.6635548379572285,13.815681062500001,13.988335,14.896446749999999,0.9895136549814805,6.8657068125,6.8424365,7.59094875,0.6271260761743026,6.94997425,7.1309640000000005,7.31721975,0.3720867982590722,0.31063925,0.3084515,0.37447175,0.03338656985132644,1.1006002499999998,1.352616,1.41321925,0.35008482818730874,0.26938325,0.232541,0.55158525,0.1166210718381867,0.5185354375,0.515844,0.54574225,0.01537196702592395,1.334469125,1.4376475000000002,1.8355555,0.48912051311293353,0.47314475,0.467883,0.96714175,0.24019126021477652,0.0615455625,0.055883,0.08185100000000001,0.018080961454554727,4.8302111875,5.1396955,5.884016750000001,0.9190040755534779,0.849799125,0.8388765,0.9422085,0.05639784483567943,0.4943369375000001,0.4913375,0.54340525,0.025771924626104156,0.3554621875,0.354514,0.39675275,0.036484953859808336,1.200505625,1.216748,1.8103405000000001,0.5865941318649203,3.9804120625,4.3267895,5.0455685,0.9474998235932863,2097307.0,2097484.375
baseline,4194304,4.0,16,512,48.9765689375,48.311719499999995,54.6805915,4.438999220201307,44.971035812500006,44.6621795,49.856736999999995,3.4924298603643633,32.1151253125,31.8710995,33.27014725,0.7857506012664516,15.79794825,15.796573,15.9935755,0.08818326089421707,16.3171770625,16.059081,17.3224955,0.794655291864613,0.5767407499999999,0.4867205,0.982969,0.3176053300817108,2.1304716875,1.532478,3.93942375,1.0735676127653022,0.519598125,0.443937,0.7636725,0.24374230480593512,0.7785758125,0.7955205,0.853749,0.05502344191821649,10.32252475,10.348638999999999,10.47264125,0.09625356702838338,0.6851946874999999,0.628887,1.09317225,0.3115324047678907,0.066065625,0.0685805,0.07259,0.00687194816695928,9.605776500000001,9.6595645,11.806668250000001,1.788096883415717,1.3893055,1.2701605,1.77696825,0.22110209389329621,0.73626375,0.698982,0.83680875,0.06244383223095377,0.65304175,0.5728420000000001,0.98020525,0.18300927442396875,2.4957409999999998,2.5783885,3.820535,1.2785227835096449,8.216471,8.215847,10.531981250000001,1.9264962074705076,4194459.0,4194638.0
baseline,8388608,8.0,16,1024,91.0874186875,97.923944,100.22433025,9.29219492150588,83.47901693749999,89.48863,91.39703374999999,8.044151623485153,56.5970793125,56.6138015,61.24673025,3.900109544702137,26.767200312499998,26.5870785,27.657966000000002,0.4153526301678366,29.829879,30.027846500000003,34.59574825,3.6789820893209537,0.7971268125,0.7608685,0.99588675,0.11284608823261152,4.2824093125,4.5616699999999994,5.65746575,1.3489365074446944,1.196204,1.077224,1.93982725,0.40966045050688016,1.332521875,1.3525865,1.3875145,0.05760876181827181,21.158289500000002,20.9954635,21.984517500000003,0.4067601613998107,1.0412250625,1.0636695,1.28368,0.16236689899902193,0.0844835,0.0850335,0.09511425000000001,0.008626007999068862,20.7219888125,21.0441895,25.2709615,3.900985119211608,2.2087343749999997,2.151778,2.704816,0.24746550489610541,1.2659603750000001,1.249188,1.39141425,0.06787543042669691,0.942774,0.8981205000000001,1.3619255,0.20656010021722493,5.0299376875,5.3120495000000005,7.8620487500000005,2.7772527769763036,18.513254437500002,19.0115965,23.145274999999998,4.034087899499975,8388766.0,8388944.3125
baseline,16777216,16.0,16,2048,182.0254561875,180.5011245,209.75909175,17.930200590626455,166.6726293125,168.76776949999999,185.656375,16.010972689992563,99.2315253125,97.82251099999999,105.93701225,2.8213452623548374,49.533416125,48.3217465,56.52596675,2.812344315566749,49.6981091875,49.522741499999995,50.530364999999996,0.5254844228643002,1.3822418125,1.2950965,1.76029425,0.3146531725760164,8.9589035625,6.230781,20.429116999999998,4.965420615450127,2.5664370624999995,2.3061949999999998,4.039736749999999,0.7231828791221716,2.4450675625000002,2.442253,2.58191175,0.07452880012616665,43.827602375,42.6767385,50.805552500000005,2.8034916110590316,2.9256624374999998,2.5921635,4.94658975,1.046220556006773,0.1032135625,0.0999195,0.126847,0.015920383537970866,52.2436251875,54.838842,66.12214175,11.451205084669855,4.534534,4.025195999999999,7.26155225,1.1678506946890728,2.2764075625,2.297687,2.44858675,0.13367884059284066,2.2581264374999996,1.7104089999999998,5.11288725,1.1735508183435734,12.163085875,13.5492235,15.933437,4.085918532800609,47.7090911875,50.661927000000006,60.709039,11.135368354041045,16777374.0,16777552.375
baseline,33554432,32.0,16,4096,456.11970268749997,455.7887925,516.2718795000001,38.6473365413204,411.04331475,408.2190435,467.63566050000003,35.97288091341902,213.4867071875,205.424197,245.2141155,30.216154936370327,103.975277125,104.43040049999999,111.0524945,5.661846705538772,109.5114300625,104.3463695,138.7850455,27.85679999602373,2.6306408125000003,2.4086625,3.58614575,0.79481212485642,32.0852713125,33.5975335,40.56785225,7.551361575566834,5.32730825,5.4078865,6.390473,0.9342880658169287,5.032985812500001,4.924344,5.518622499999999,0.3731731956314352,98.13968793750001,98.71801,105.30656024999999,5.730301961835415,6.2105781874999995,5.471743,9.8291285,1.680505766079003,0.13697631249999997,0.113816,0.22239925,0.06695094572868142,147.008857,148.856341,168.39686575000002,18.696582544682183,9.23843825,6.738493,22.517297499999998,5.34858470089902,4.6214811875,4.561225,4.93985775,0.20821718442026418,4.6169570625,2.140206,17.737476,5.301146693750884,44.1935830625,45.369575999999995,49.465165,4.566476949208991,137.77041874999998,137.7500245,161.79752925000003,18.934380566576277,33554592.0,33554772.25
baseline,67108864,64.0,16,8192,1138.085755125,1146.4202325,1192.06892275,53.639072607222516,1016.5410050625001,1023.6601895000001,1056.408847,38.879173187113125,544.6518966875001,547.066765,581.09509475,32.41689658544207,296.0895933125,303.1536325,317.63243124999997,24.244664494938657,248.562303375,247.180441,273.15132850000003,19.62102147864119,11.302075437500001,4.6256065,34.1213535,11.441633781323393,88.96972825,88.0411435,106.23405725,14.539278009843725,11.893368437500001,12.49551,18.725358999999997,6.682257161943214,9.3793098125,9.0852845,11.46278625,0.7979532595116566,290.26732,297.39129,311.87975775,24.412497303075593,13.100085499999999,12.541921,15.1675895,1.1087617432873031,0.1301095625,0.107898,0.249673,0.05982360156009578,357.842716375,355.47600650000004,387.7721045,23.538748081109354,37.7741275625,43.273026,43.835353749999996,9.168494801329109,9.044229625,8.991522,9.257239499999999,0.1553137108503605,28.7298979375,34.281504,34.627422249999995,9.103230686823597,100.80973999999999,100.544465,103.19142925,2.0124562934413945,320.0685888125,313.046641,344.093611,17.4158574032664,67109024.0,67109207.375
baseline,134217728,128.0,16,16384,2942.0651625,2930.4224535,3024.96599525,69.64269446667451,2656.23471,2645.6096135,2702.65337675,38.285049596431996,1658.4684055625,1645.3150704999998,1706.165473,39.87729756609634,1135.6278406875,1139.5997965000001,1181.19530725,39.36272219640687,522.8405648749999,526.2359779999999,541.780828,14.74276744702898,40.8252189375,39.924223,51.66317325,11.491983864040705,193.46692543749998,194.88959599999998,210.56221325,15.40401266342523,33.181099437499995,34.314366,41.969198750000004,7.626103678398466,18.3569255,17.844271499999998,20.5902115,1.8228749321153723,1129.4879615,1133.4014825,1175.1068455,39.42126036560769,38.474777624999994,37.814392999999995,42.23393125,1.792814692271621,0.173710125,0.127179,0.277664,0.0821616316528547,756.3032091875,755.6816745,761.5891435,3.0733934878877247,85.57145274999999,85.9815965,87.35742775,1.640850505168375,17.536421625000003,17.711568,17.881120000000003,0.362351556249569,68.03503112499999,68.284322,69.5394205,1.361727798251584,202.805135875,202.230141,205.13932699999998,1.6209217903032773,670.7317564375,670.139713,675.8175717500001,3.3264867662156257,134217891.0,134218075.625
stage1,8192,0.0078125,16,1,11.880470500000001,11.718338,12.59101075,0.7112342424414404,11.5118384375,11.346035,12.2268625,0.7143840452938257,10.9397683125,10.746514999999999,11.64323775,0.7332284724527992,5.576663999999999,5.386632,6.26861975,0.7347075335422592,5.3631043125,5.360288000000001,5.37866475,0.008297786856435996,0.06491250000000001,0.0636425,0.07190525,0.0038180200202460957,0.0329665625,0.032902,0.034418000000000004,0.000906512270238936,0.036353625,0.0359065,0.0392505,0.0015810925761558046,0.234297875,0.228791,0.26424825,0.024556432950132948,0.21816175,0.0300415,0.78665975,0.7309514476765453,0.0348978125,0.0349695,0.037548250000000005,0.0019374797488861015,0.0429453125,0.040669,0.053877999999999995,0.005065545031370637,0.45916975,0.4886165,0.5211567500000001,0.058028310465129865,0.2598656875,0.2693765,0.28891475,0.023488253334695702,0.21464556250000003,0.226293,0.24267,0.025090354862398693,0.045220125,0.043242,0.0545475,0.006992911722549843,0.0328070625,0.032664,0.042843,0.008448337961314863,0.1993040625,0.21336299999999997,0.23763099999999998,0.03692184569037135,8335.0,8514.4375
stage1,32768,0.03125,16,4,11.7452304375,11.7228135,11.8755555,0.08207865733777024,11.3711585625,11.3492955,11.4755755,0.06966809064859669,10.738547625,10.730570499999999,10.7902455,0.031128919825210176,5.3720265,5.367813,5.3991985,0.015467398779368197,5.366521125,5.364557,5.3910469999999995,0.017840964901298738,0.06731137499999999,0.06639300000000001,0.071618,0.003309568039695663,0.039076625000000004,0.0399925,0.04262825,0.0027315883171471866,0.038163125,0.0370535,0.0461605,0.003233121960176418,0.22942081250000002,0.22996250000000001,0.25083925,0.013193216236094358,0.0356060625,0.0349125,0.03835925,0.0019483349130972702,0.0355101875,0.0344465,0.0408895,0.0039377714068167735,0.0429144375,0.04274,0.05483975,0.0055994086737881305,0.5127831875,0.5087345,0.55505925,0.028436429901226058,0.27469537499999996,0.2758045,0.29343275,0.013015036111527887,0.22863475,0.2288665,0.247421,0.012824475254859363,0.046060625,0.045716,0.0482505,0.0010959441634385398,0.038809625,0.039851,0.0458125,0.004962084741756735,0.2380878125,0.23350649999999998,0.26227225,0.018435088521006445,32913.0,33092.25
stage1,131072,0.125,16,16,11.9584654375,11.930971,12.0573005,0.06459147329366399,11.5301559375,11.5072545,11.61352675,0.05884213740856645,10.844539625,10.824886,10.908768250000001,0.04089377059356806,5.3972865,5.39358,5.4198335,0.013823649983814034,5.447253125,5.428549,5.51777825,0.04478332484010516,0.077738375,0.07761,0.08216625,0.002318550837134049,0.0552170625,0.047658500000000006,0.08186525,0.015845067558505194,0.0421095,0.039696,0.056644,0.005872255050234109,0.253145625,0.25626899999999997,0.2656245,0.01122334467680535,0.060935625,0.063018,0.0684185,0.005193594310241705,0.040720000000000006,0.0390915,0.049116,0.004458105272983132,0.0495504375,0.048348,0.05507275,0.003517693686365222,0.55129875,0.552879,0.57256975,0.015808259749653022,0.3026403125,0.3030695,0.31280125000000003,0.007852460074068741,0.24730256250000002,0.24807099999999999,0.25809075,0.007830869906727718,0.055337750000000005,0.055292,0.05634375,0.0006283101841447427,0.04142675,0.0411385,0.046194,0.004002622694871452,0.2486584375,0.247248,0.26377,0.012258747427698053,131220.0,131398.4375
stage1,524288,0.5,16,64,12.9889905625,13.0640635,13.2446455,0.2402547245183145,12.249046750000002,12.3227545,12.36779175,0.10708291734825164,11.329355375,11.3635795,11.4046715,0.0718121239667049,5.5698485,5.5509755,5.6203285,0.032614796551948565,5.7595068750000005,5.814696,5.8560085,0.09173959129233347,0.1884305,0.1857225,0.25204574999999996,0.05947388116013617,0.18485775,0.1815405,0.28114175,0.08475990983544342,0.0747091875,0.07381199999999999,0.079633,0.0031955526951286148,0.2918303125,0.2888015,0.30496650000000003,0.008118214002466533,0.203729625,0.196714,0.232767,0.016845351854721677,0.0684054375,0.06674050000000001,0.0858795,0.008569570051705845,0.047970562499999994,0.047588,0.055817,0.00396974586668892,0.735838375,0.745198,0.7828715,0.044268704759789106,0.38391243750000004,0.3827955,0.40499925000000003,0.01652232552854149,0.286174625,0.28585150000000004,0.30334875,0.013375861252060561,0.09773781250000001,0.097502,0.10395675,0.003808002646052619,0.0647935625,0.06740199999999999,0.07109475000000001,0.006086607131324787,0.3519259375,0.363782,0.38019125,0.02945863345113947,524438.0,524616.25
stage1,1048576,1.0,16,128,14.136597250000001,14.142069,14.763220500000001,0.4988255149104619,13.2811925625,13.282164999999999,13.925313749999999,0.5107700044645791,11.93337775,11.884221,12.431675,0.41272446072720564,5.917871375,5.924868999999999,6.1489765,0.19464994302429003,6.015506374999999,5.948036999999999,6.297954750000001,0.30747721803754735,0.1865154375,0.187355,0.2099055,0.01349195910982144,0.159819,0.1585765,0.1771125,0.011269449431982026,0.1382816875,0.135432,0.1642915,0.016468480025182766,0.3706615,0.362904,0.41440975,0.023166337124154956,0.5524825625,0.553131,0.765743,0.19216915390222256,0.19092643750000002,0.190923,0.290084,0.07867255326904736,0.049428625000000004,0.048832,0.05586825,0.003548059802113684,0.990153375,1.0018734999999999,1.0481342500000002,0.040978542441250584,0.5022725625,0.498617,0.52670525,0.013204414228624228,0.343514875,0.3413,0.37431725000000005,0.015756266141899705,0.1587576875,0.158111,0.1716485,0.007819634603985263,0.11297506250000001,0.1170915,0.12677175000000002,0.010996688987308581,0.4878808125,0.5085715,0.5277927500000001,0.036153191214986044,1048729.0,1048906.1875
stage1,2097152,2.0,16,256,17.87189025,19.2338675,19.54624325,1.7676932455707457,15.948980874999998,16.826936500000002,17.380177500000002,1.3643334225094994,13.735731812500001,14.3286465,15.05910075,1.1732471239483302,6.92364375,7.1758515,8.01707625,0.959130266856157,6.8120880625,6.796697,7.23413175,0.38307981284199594,0.542903875,0.5724395,0.77621775,0.22717682213803056,0.6201869375,0.623717,0.93746025,0.30594986305469,0.2435970625,0.23951,0.2970715,0.03365199858379282,0.5160835,0.5147364999999999,0.5508995,0.02166499974901915,1.4419579375000002,1.627633,2.499216,0.9264507495407183,0.3959580625,0.360166,0.6576655,0.21187624777257025,0.05553118750000001,0.0535585,0.0639325,0.005557886392536624,1.560434625,1.568017,1.6383555,0.054914501876638884,0.7702066875,0.770877,0.803644,0.021730254021521327,0.4912324375,0.49470400000000003,0.51101625,0.014167505028977175,0.27897425,0.27403299999999997,0.321235,0.01982193344977982,0.1979975625,0.1985105,0.2198585,0.01539030807833598,0.7902279375,0.790692,0.847423,0.04130675348303947,2097307.0,2097484.0
stage1,4194304,4.0,16,512,22.9019975625,22.705742,24.881554,1.6042034240131438,20.3675274375,20.324227999999998,21.8852805,1.3456535521258328,15.93042625,15.904119000000001,16.67593375,0.6466080368396007,8.0199520625,7.9710675,8.755015,0.6509002849800102,7.9104741875,7.924328,7.978055,0.06661247582305695,0.5362499375,0.465208,0.8153925,0.2250046024438913,0.6218580625000001,0.543056,0.9436724999999999,0.3318454750837483,0.5589934999999999,0.5692664999999999,0.5830497499999999,0.02541034655411059,0.8172309375,0.821386,0.8434045,0.019086612636442152,2.495183375,2.4746230000000002,3.22034875,0.6734910795425277,1.0837104375000002,1.0683660000000001,1.7138465,0.5856407874501622,0.07248225,0.0695335,0.084226,0.006939721045366306,2.831131375,2.8115115,2.95874025,0.09021524313612073,1.1536225625,1.1559439999999999,1.1878445,0.02340319309669286,0.7577352500000001,0.7564,0.7926755,0.017498478335629633,0.3958873125,0.3964275,0.41027175,0.011016764360048906,0.4461849375,0.4442115,0.48659949999999996,0.02862613205505755,1.6775088125,1.6594435,1.7789145,0.07037919680489647,4194459.0,4194636.625
stage1,8388608,8.0,16,1024,40.43822125,41.2284485,46.38279475,5.192845310339766,33.4881761875,34.4589345,36.53573575,2.9350933536096897,24.832379625,25.832635500000002,26.94429725,2.0748782325719706,11.3142331875,11.3007675,11.8948275,0.5334359312114273,13.5181464375,14.5342415,15.08446975,1.5714145857815487,1.7009566875000002,1.6958235,2.641062,0.9253323913943517,2.4167218124999996,2.436943,3.8237545,1.3850500437287103,1.4165588125,1.248197,2.2444905,0.3731704257981899,1.4156400000000002,1.3873190000000002,1.513718,0.07258556217578672,5.7743910625,5.7568090000000005,6.34704675,0.5267080378598599,2.009865125,1.9944160000000002,2.9056445,0.8256705897897384,0.0901815625,0.0904555,0.09627325,0.004389857784836971,5.560289375,5.5553215,5.644757,0.054449292427536385,1.96196425,1.9667810000000001,2.0305347499999997,0.05423244486640351,1.29662725,1.289848,1.3497430000000001,0.04394313966010509,0.6653370000000001,0.6670555,0.683106,0.013795048115175243,0.9904962500000001,0.996643,1.0138992500000001,0.01843664903968452,3.598325125,3.5959165,3.6280365,0.01630480424550917,8388766.0,8388942.25
stage1,16777216,16.0,16,2048,64.9408745625,61.2837315,75.73384324999999,5.628409623395193,54.3354000625,52.7297095,58.2342085,2.4977207221865654,39.342819,37.700167,43.20623525,2.5266514382368563,17.836008,17.817164,17.904459250000002,0.07439867926499116,21.506811,19.877825,25.380644750000002,2.5348926254090873,2.326037875,1.3500355,8.735491,2.431597020130954,2.8239430624999997,2.2393035,7.589052000000001,1.8173588443592898,3.0726703125,2.418507,5.1899887499999995,1.2351087906368168,2.382634125,2.3761194999999997,2.4727615,0.055831399772971656,12.2417264375,12.2340615,12.333578750000001,0.0863937419897765,2.3025849375,2.2833579999999998,2.43888,0.1076315281553625,0.0970413125,0.0970705,0.10378275000000001,0.004690501182159936,10.4999548125,10.4877965,10.725828499999999,0.19485417916682526,3.501159375,3.4575195,3.68710425,0.17012369202247926,2.312664,2.3183075000000004,2.37907625,0.05062186932665565,1.188495375,1.1436890000000002,1.347633,0.17647470729890552,2.0877169999999996,2.0792395,2.1430117500000003,0.037749321402841124,6.9987954375,7.0280664999999996,7.04359975,0.0483057068794264,16777374.0,16777551.9375
stage1,33554432,32.0,16,4096,164.58831650000002,155.041249,195.74713150000002,30.013842913868714,137.561724125,127.53080450000002,167.48494025,29.063477410484097,93.94475375,82.61121800000001,124.862246,30.42304439129144,39.0732195,33.1072585,49.4853575,7.84269155856003,54.871534249999996,48.069623,78.1694035,27.29408618237338,2.5055466875,2.5067890000000004,2.618137,0.08663418135089543,14.727609750000001,15.2761435,15.71759425,1.3622430551911662,5.097162624999999,4.625458500000001,8.187076,1.180175186884233,4.69606025,4.7078425,4.766428250000001,0.051018834463975204,33.358981937500005,27.357639499999998,43.65256075,7.768343872123368,7.6938098749999995,9.38634,10.6337855,2.9566194623920126,0.0975025625,0.0939525,0.1148585,0.016098971314065187,20.7416798125,20.315118,22.22473275,1.7740767250872076,6.6709723125,6.655158999999999,6.743362250000001,0.04609601760960314,4.609964375000001,4.5984940000000005,4.6737737500000005,0.04274166668906785,2.0610079375,2.0600734999999997,2.08091075,0.013207519219504974,15.0785075625,15.097085,15.1628395,0.0633182978638172,14.070707500000001,13.6200145,15.509550999999998,1.7782460216972928,33554592.0,33554770.375
stage1,67108864,64.0,16,8192,326.8391578125,332.03850750000004,349.15215675,19.224342463754724,270.0496435625,270.05463050000003,277.98782775,7.7303667923658725,171.1515833125,171.290023,178.76935675,7.5665911317084085,76.3603545,76.0178535,80.289993,2.8200658166433796,94.79122881250001,95.15614199999999,99.10260050000001,6.222313340459974,7.3834155625,4.570643499999999,19.4598865,5.801138848979246,28.183802875,33.3108935,33.6964285,10.750840530276161,12.188333875000001,12.0588765,18.71656625,3.944064368486062,9.03374475,8.88372,9.66628575,0.29281763035388186,70.72395106249999,70.366484,74.665389,2.8205384287261865,12.0686338125,12.0670055,12.34620075,0.2513961120558097,0.0914673125,0.0910185,0.09772149999999999,0.005096683611903307,52.95552875,52.8700505,54.18120225,0.5380341211286576,28.011165562499997,28.0212485,29.031202,0.5000567904399671,8.903951375,8.817408,9.2881865,0.3590778227262989,19.1072141875,19.1662715,19.44719575,0.3040578336733862,33.776916125,33.769919,33.91773575,0.0953411482498994,24.9443631875,24.8577,25.265693499999998,0.20677710830239973,67109024.0,67109205.4375
stage1,134217728,128.0,16,16384,777.8685673125,769.4547689999999,849.598877,65.92349236802308,629.0256531875,620.857516,657.2848225,23.491194220577967,372.38727437499995,363.71063499999997,399.49380075,22.749574917171593,173.3318534375,164.2200015,200.3913215,22.727395995705308,199.0554209375,199.06038949999999,199.45362575000001,0.3099299253711376,38.8647626875,40.273947500000006,68.7097865,29.302840892518613,66.929125,66.8454605,67.58080025,0.41013356348008795,25.0527945,24.930593000000002,39.362772750000005,14.036752991491792,17.995934125,18.0011975,18.29691475,0.23003900921905482,167.519324625,158.5666605,194.5244985,22.65530981226174,39.014286437500004,38.987652,39.44685975,0.3474229361520274,0.12305312500000001,0.105022,0.21389575,0.052651816432193244,150.05290106249998,150.19618350000002,151.11712825,0.7313930595990681,85.46874237499999,85.669697,86.55390324999999,0.7542062295907409,17.290803187500003,17.2826775,17.48946025,0.1359313425760493,68.1779391875,68.3289605,69.31648925,0.6747330419903328,67.44182918749999,67.39213699999999,67.82783275,0.21412289468235784,64.58415868750001,64.5771175,64.76516375000001,0.12316082669609214,134217891.0,134218074.3125
