cloud_h2d_tp_ms,cloud_d2h_ms,cloud_worker_ms,cloud_body_read_ms,cloud_unpack_ms,cloud_executor_ms,cloud_dispatch_ms,rows,activation_bytes,upload_wire_bytes,download_wire_bytes,enterprise_d2h_ms,enterprise_pack_ms,rpc_ms,enterprise_unpack_ms,enterprise_h2d_tp_ms,gpu_ready_rtt_ms,cloud_pack_ms,upload_path_ms,download_path_ms,http_transport_ms,cloud_ipc_residual_ms,validation_ok,variant,pass_id,sample,warmup
0.195152,0.040539,0.235691,0.029646,0.031377,0.440812,0.036578,1,8192,8335,8515,0.06487,0.034901,11.224511,0.035738,0.225955,11.586088,0.025392,5.363597,5.324985,10.688582,0.20512099999999997,True,baseline,0,3,False
0.177733,0.038843,0.216576,0.028945,0.030535,0.433638,0.034376,1,8192,8335,8515,0.081665,0.032507,11.427616,0.036595,0.27585,11.854344,0.025447,5.579591,5.320696,10.900286999999999,0.21706200000000003,True,baseline,0,4,False
0.186968,0.059251,0.246219,0.02851,0.032464,0.446724,0.033711,1,8192,8335,8514,0.06294,0.035055,11.193959,0.035632,0.22921,11.556893,0.02427,5.34916,5.305818,10.654978,0.20050500000000002,True,baseline,0,5,False
0.18581,0.050271,0.236081,0.028818,0.031652,0.435142,0.034619,1,8192,8335,8514,0.065109,0.034316,11.199171,0.035264,0.237437,11.571388,0.023117,5.358662,5.314143,10.672805,0.19906099999999996,True,baseline,0,6,False
0.18217,0.05935,0.24152,0.029304,0.030433,0.448761,0.033885,1,8192,8335,8512,0.061573,0.032582,11.194011,0.034396,0.239912,11.562588,0.025006,5.347811,5.306331,10.654142,0.207241,True,baseline,0,7,False
0.179372,0.052319,0.231691,0.024911,0.028702,0.421574,0.031336,1,8192,8335,8515,0.064904,0.033063,11.172017,0.03602,0.203567,11.509677,0.023096,5.352768,5.313023,10.665791,0.189883,True,baseline,0,8,False
0.179127,0.054603,0.23373,0.024034,0.028457,0.426648,0.031886,1,8192,8335,8514,0.061118,0.031801,11.161448,0.035481,0.228907,11.518864,0.023128,5.335597,5.314058,10.649655,0.19291800000000003,True,baseline,0,9,False
0.185552,0.050628,0.23618,0.023784,0.027979,0.427664,0.030909,1,8192,8335,8514,0.065407,0.033692,11.156892,0.033851,0.216269,11.506227,0.021439,5.345097,5.30234,10.647437,0.191484,True,baseline,0,10,False
0.208829,0.044256,0.253085,0.031498,0.030098,0.470632,0.033234,4,32768,32913,33093,0.069123,0.04204,11.266045,0.036803,0.277266,11.691388,0.026696,5.359389,5.344251,10.70364,0.217547,True,baseline,0,3,False
0.189009,0.042555,0.231564,0.031508,0.029905,0.44288,0.031852,4,32768,32913,33092,0.079314,0.041288,11.230271,0.037717,0.257553,11.646248,0.025052,5.352843,5.346192,10.699035,0.211316,True,baseline,0,4,False
0.199655,0.045992,0.245647,0.030758,0.029401,0.462622,0.031871,4,32768,32913,33093,0.070739,0.03981,11.238214,0.03671,0.251401,11.636979,0.026758,5.343835,5.342083,10.685918000000001,0.21697499999999997,True,baseline,0,5,False
0.190157,0.042187,0.232344,0.0314,0.030334,0.445384,0.031674,4,32768,32913,33091,0.068469,0.039908,11.246799,0.038144,0.273219,11.66666,0.024944,5.373663,5.339207,10.712869999999999,0.21304,True,baseline,0,6,False
0.198107,0.045265,0.243372,0.031279,0.029672,0.459268,0.034132,4,32768,32913,33093,0.070714,0.039116,11.248073,0.040461,0.263998,11.662473,0.025334,5.352967,5.345007,10.697973999999999,0.215896,True,baseline,0,7,False
0.190223,0.042161,0.232384,0.0328,0.030359,0.449418,0.031074,4,32768,32913,33091,0.06715,0.040226,11.239416,0.039418,0.233145,11.619471,0.026271,5.352653,5.347911,10.700564,0.21703399999999998,True,baseline,0,8,False
0.211342,0.044362,0.255704,0.032102,0.03108,0.476413,0.032914,4,32768,32913,33092,0.069792,0.040285,11.291883,0.038133,0.248611,11.688807,0.025954,5.374502,5.349354,10.723856,0.220709,True,baseline,0,9,False
0.187595,0.042152,0.229747,0.030185,0.029232,0.44573,0.032733,4,32768,32913,33092,0.067447,0.039646,11.250654,0.036955,0.257388,11.652212,0.025391,5.345642,5.370233,10.715875,0.215983,True,baseline,0,10,False
0.198534,0.055975,0.254509,0.070143,0.051334,0.563671,0.047098,16,131072,131220,131399,0.106009,0.063913,11.565868,0.041171,0.293334,12.070395,0.04073,5.422465,5.438641,10.861106,0.30916200000000005,True,baseline,0,3,False
0.195004,0.056396,0.2514,0.066693,0.040332,0.586494,0.056101,16,131072,131220,131397,0.084787,0.058112,11.56325,0.039873,0.273983,12.020126,0.041077,5.414529,5.422253,10.836782,0.33509399999999995,True,baseline,0,4,False
0.220147,0.056895,0.277042,0.068908,0.039335,0.570811,0.055399,16,131072,131220,131399,0.07925,0.056627,11.583284,0.042113,0.293706,12.055099,0.04096,5.427933,5.44679,10.874723,0.29376899999999995,True,baseline,0,5,False
0.20157,0.056806,0.258376,0.093283,0.042001,0.547204,0.045964,16,131072,131220,131398,0.077663,0.192336,11.737742,0.050101,0.311814,12.369785,0.039857,5.52504,5.535643,11.060683000000001,0.28882800000000003,True,baseline,0,6,False
0.190847,0.055874,0.246721,0.083511,0.039312,0.542482,0.044802,16,131072,131220,131399,0.074038,0.111902,11.628815,0.041574,0.233316,12.089768,0.042264,5.453223,5.504735,10.957958000000001,0.29576100000000005,True,baseline,0,7,False
0.203675,0.056222,0.259897,0.074496,0.039107,0.567047,0.044156,16,131072,131220,131399,0.073569,0.166559,11.650712,0.04221,0.226635,12.159785,0.040904,5.44182,5.515479,10.957298999999999,0.30715,True,baseline,0,8,False
0.193664,0.052662,0.246326,0.081629,0.042207,0.575796,0.046521,16,131072,131220,131399,0.071476,0.111338,11.649034,0.042009,0.342287,12.216237,0.039947,5.447035,5.495432,10.942467,0.32947,True,baseline,0,9,False
0.201424,0.055219,0.256643,0.066828,0.040414,0.556059,0.04421,16,131072,131220,131398,0.086588,0.121913,11.694829,0.045092,0.261129,12.209665,0.039566,5.466995,5.545396,11.012391000000001,0.29941599999999996,True,baseline,0,10,False
0.248409,0.121402,0.369811,0.24308,0.07398,1.515048,0.053838,64,524288,524438,524615,0.126361,0.684439,13.273929,0.072509,0.30571,14.463046,0.347587,5.61308,5.667877,11.280957,1.1452369999999998,True,baseline,0,3,False
0.272152,0.117204,0.389356,0.223625,0.073666,1.476936,0.048821,64,524288,524438,524617,0.125593,0.735075,13.316272,0.073651,0.298091,14.548804,0.422328,5.603199,5.688823,11.292022,1.08758,True,baseline,0,4,False
0.251132,0.121655,0.372787,0.227869,0.071497,1.40817,0.048603,64,524288,524438,524616,0.124645,0.684981,13.243804,0.074161,0.303772,14.431467,0.367531,5.645802,5.699613,11.345415,1.035383,True,baseline,0,5,False
0.245602,0.128089,0.373691,0.223017,0.069514,1.478175,0.052903,64,524288,524438,524617,0.122467,0.66226,13.157145,0.078022,0.301929,14.321927,0.260592,5.627517,5.66567,11.293187,1.104484,True,baseline,0,6,False
0.24285,0.103363,0.346213,0.150087,0.080958,1.020419,0.049234,64,524288,524438,524616,0.125677,0.754396,12.634283,0.073757,0.346032,13.934264,0.206025,5.675842,5.598905,11.274747000000001,0.674206,True,baseline,0,7,False
0.265247,0.135347,0.400594,0.224972,0.069229,1.648579,0.050394,64,524288,524438,524617,0.121471,0.629465,13.314238,0.072769,0.296875,14.434941,0.267268,5.657542,5.618307,11.275849000000001,1.247985,True,baseline,0,8,False
0.24758,0.115858,0.363438,0.218934,0.067124,1.043016,0.04768,64,524288,524438,524615,0.119779,0.634928,12.592073,0.074336,0.343197,13.764412,0.195304,5.628079,5.608175,11.236253999999999,0.679578,True,baseline,0,9,False
0.256251,0.107402,0.363653,0.151367,0.060596,1.465872,0.049159,64,524288,524438,524617,0.123461,0.666126,13.249208,0.073505,0.306076,14.418482,0.33493,5.65436,5.681888,11.336248,1.102219,True,baseline,0,10,False
0.337765,0.185488,0.523253,0.839481,0.303267,3.136855,0.052675,128,1048576,1048729,1048907,0.264128,0.402348,16.569187,0.134477,0.412798,17.783062,0.817345,6.256613,6.000066,12.256679,2.613602,True,baseline,0,3,False
0.361068,0.199846,0.560914,0.811158,0.302117,3.145804,0.052984,128,1048576,1048729,1048907,0.197286,0.417175,16.650569,0.132052,0.434587,17.831812,0.873993,6.226966,6.046253,12.273219000000001,2.58489,True,baseline,0,4,False
0.337345,0.211662,0.549007,0.813202,0.322277,3.250923,0.051842,128,1048576,1048729,1048907,0.187424,0.333163,16.69276,0.113287,0.403893,17.730638,0.847446,6.208463,6.009231,12.217694,2.7019159999999998,True,baseline,0,5,False
0.341809,0.203021,0.54483,0.785312,0.314746,3.177901,0.053304,128,1048576,1048729,1048906,0.178191,0.359549,16.613526,0.124852,0.397667,17.673896,0.883211,6.18338,5.99854,12.18192,2.6330709999999997,True,baseline,0,6,False
0.338106,0.195453,0.533559,0.788843,0.300981,3.02109,0.049951,128,1048576,1048729,1048906,0.201268,0.332513,16.520621,0.124887,0.387207,17.566632,0.931755,6.194527,6.019828,12.214355000000001,2.487531,True,baseline,0,7,False
0.352298,0.193155,0.545453,0.781986,0.308844,3.102474,0.052453,128,1048576,1048729,1048907,0.177926,0.343226,16.552859,0.129966,0.400233,17.604352,0.9043,6.154085,6.028175,12.18226,2.5570209999999998,True,baseline,0,8,False
0.336316,0.20894,0.545256,0.788914,0.3004,3.005229,0.050958,128,1048576,1048729,1048904,0.180099,0.359862,16.335986,0.143146,0.384488,17.403706,0.815117,6.175795,5.986094,12.161888999999999,2.4599729999999997,True,baseline,0,9,False
0.348575,0.199535,0.54811,0.782649,0.307346,3.171054,0.051304,128,1048576,1048729,1048906,0.18432,0.350889,16.634645,0.127216,0.388742,17.685935,0.920787,6.187283,5.994486,12.181769,2.622944,True,baseline,0,10,False
0.463959,0.36984,0.833799,1.831488,0.965874,5.860584,0.054534,256,2097152,2097307,2097484,0.307471,1.405692,23.2352,0.219212,0.518848,25.686579,1.779137,7.255769,7.316444,14.572213,5.026785,True,baseline,0,3,False
0.46009,0.304339,0.764429,1.799605,0.970945,5.675663,0.055484,256,2097152,2097307,2097484,0.310872,1.363093,23.013817,0.232415,0.520457,25.440791,1.778293,7.227605,7.303343,14.530947999999999,4.911234,True,baseline,0,4,False
0.46878,0.311822,0.780602,1.795322,0.575055,5.575107,0.055793,256,2097152,2097307,2097484,0.311971,1.381415,22.92692,0.242901,0.502797,25.366132,1.795177,7.603713,7.319547,14.923259999999999,4.794505,True,baseline,0,5,False
0.491998,0.307573,0.799571,1.820283,0.572835,5.545639,0.054008,256,2097152,2097307,2097485,0.310224,1.384538,22.863465,0.227826,0.508832,25.295004,1.818433,7.553614,7.316143,14.869757,4.746068,True,baseline,0,6,False
0.470274,0.350197,0.820471,1.847758,0.58133,5.611538,0.054463,256,2097152,2097307,2097484,0.304547,1.389906,22.943857,0.234845,0.502886,25.376194,1.806364,7.586694,7.300815,14.887509,4.791067,True,baseline,0,7,False
0.503776,0.361483,0.865259,1.823174,0.576376,5.685223,0.057415,256,2097152,2097307,2097485,0.313626,1.403252,22.966226,0.232667,0.523574,25.439465,1.807643,7.522998,7.314135,14.837133000000001,4.819964,True,baseline,0,8,False
0.490677,0.361719,0.852396,1.822302,0.586314,5.954315,0.055973,256,2097152,2097307,2097485,0.309432,1.424974,23.177412,0.207577,0.541848,25.661371,1.735143,7.545477,7.29789,14.843367,5.1019190000000005,True,baseline,0,9,False
0.483027,0.356527,0.839554,1.812834,0.582604,5.795297,0.058973,256,2097152,2097307,2097485,0.301001,1.409301,23.010782,0.233899,0.502191,25.457287,1.758601,7.539232,7.273474,14.812706,4.955743,True,baseline,0,10,False
0.697314,0.530996,1.22831,10.503854,0.844244,11.435162,0.073997,512,4194304,4194459,4194638,0.537529,2.689277,48.734934,0.524236,0.847339,53.333455,3.696738,16.030042,16.652267,32.682309000000004,10.206852,True,baseline,0,3,False
0.680218,0.606181,1.286399,10.462237,1.839957,11.859328,0.068113,512,4194304,4194459,4194639,0.720364,1.6335,49.51428,0.386248,0.79497,53.049502,3.736754,15.98142,16.026259,32.007678999999996,10.572929,True,baseline,0,4,False
0.686836,0.583947,1.270783,10.208282,0.694776,11.789115,0.068689,512,4194304,4194459,4194639,0.577468,1.633453,48.04384,0.525541,0.799474,51.579936,3.716879,15.726002,16.045898,31.771900000000002,10.518332000000001,True,baseline,0,5,False
0.693918,0.565723,1.259641,10.216208,0.642127,11.295728,0.069771,512,4194304,4194459,4194639,0.589157,1.656638,50.884108,1.435902,0.872979,55.438927,3.839966,15.700481,19.333181,35.033662,10.036087,True,baseline,0,6,False
0.666218,0.544397,1.210615,10.229937,0.646576,11.142953,0.071511,512,4194304,4194459,4194639,1.770784,3.939933,47.476283,0.444568,0.796071,54.427813,3.814058,15.735684,16.062395,31.798078999999998,9.932338,True,baseline,0,7,False
0.696414,0.56626,1.262674,10.201895,0.642345,11.247017,0.069184,512,4194304,4194459,4194638,0.480267,3.939254,47.494796,0.421879,0.790706,53.127078,3.80498,15.744643,15.983664,31.728307,9.984342999999999,True,baseline,0,8,False
0.690114,0.579424,1.269538,10.201732,0.635089,11.088512,0.068249,512,4194304,4194459,4194639,0.493174,3.854417,47.322162,0.415332,0.803857,52.889084,3.77354,15.723833,16.03,31.753833,9.818973999999999,True,baseline,0,9,False
0.681092,0.477092,1.158184,10.200412,0.647084,11.092819,0.071678,512,4194304,4194459,4194639,0.504484,3.88368,47.323569,0.414103,0.774155,52.900132,3.773616,15.701333,16.034348,31.735681,9.934635,True,baseline,0,10,False
1.210306,0.908329,2.118635,20.882306,1.270738,25.081436,0.084718,1024,8388608,8388766,8388945,0.79,5.656213,90.918496,1.062661,1.346167,99.77371,7.853741,26.575493,30.048386,56.623879,22.962801,True,baseline,0,3,False
1.254403,0.713223,1.967626,20.70287,1.322506,24.042853,0.082778,1024,8388608,8388766,8388944,0.744099,5.594298,91.352014,1.074903,1.405402,100.170846,7.711072,26.383092,31.805785,58.188877000000005,22.075227,True,baseline,0,4,False
1.263126,0.883715,2.146841,20.892955,1.106207,25.839538,0.091219,1024,8388608,8388766,8388945,0.754772,5.661224,91.532093,1.073171,1.363366,100.384783,7.886972,26.573504,30.03022,56.603724,23.692697000000003,True,baseline,0,5,False
1.228328,0.868854,2.097182,21.966747,0.789755,24.654574,0.084006,1024,8388608,8388766,8388945,0.822577,5.641846,91.015319,1.087788,1.371921,99.939569,7.811669,27.627855,30.043626,57.671481,22.557392,True,baseline,0,6,False
1.240584,0.790866,2.03145,20.974294,1.048765,24.034207,0.092407,1024,8388608,8388766,8388944,0.771876,5.579075,89.727305,1.09144,1.359006,98.528812,7.777401,26.655034,30.115382,56.770416,22.002757,True,baseline,0,7,False
1.228039,0.928676,2.156715,22.037829,0.78814,24.188096,0.085349,1024,8388608,8388766,8388944,0.748637,5.645293,90.700223,1.074515,1.381552,99.55036,7.839099,27.748299,30.047775,57.796074000000004,22.031381000000003,True,baseline,0,8,False
1.243973,0.818545,2.062518,20.96093,1.062224,24.38965,0.086638,1024,8388608,8388766,8388943,0.798686,5.607413,90.035245,1.067268,1.33168,98.840439,7.791389,26.645408,30.056105,56.701513,22.327132,True,baseline,0,9,False
1.197697,0.689321,1.887018,21.062187,1.135566,23.58637,0.0885,1024,8388608,8388766,8388942,0.766965,5.569051,89.249955,1.079545,1.376918,98.042613,7.688563,26.720504,30.025473,56.745976999999996,21.699351999999998,True,baseline,0,10,False
2.277605,5.114337,7.391942,44.615034,3.577875,63.992949,0.093051,2048,16777216,16777374,16777553,1.350637,20.363925,183.925126,2.460829,2.660037,210.760689,15.616013,50.411981,50.228819,100.6408,56.601007,True,baseline,0,3,False
2.048838,1.433743,3.482581,42.679347,4.933496,62.293838,0.096537,2048,16777216,16777374,16777553,1.27784,20.624693,182.1299,2.926692,2.465884,209.425226,15.993452,48.47029,50.336917,98.807207,58.811257,True,baseline,0,4,False
2.350096,1.335452,3.685548,50.779533,3.010909,57.309892,0.094284,2048,16777216,16777374,16777553,2.583285,8.5825,182.095031,2.285225,2.45642,198.002689,15.777996,56.550095,49.347251,105.897346,53.624344,True,baseline,0,5,False
2.279344,1.726251,4.005595,42.247717,2.269706,59.944476,0.093952,2048,16777216,16777374,16777553,1.485964,7.625033,175.332662,2.307555,2.451513,189.202878,15.623256,48.003292,49.392397,97.395689,55.938881,True,baseline,0,6,False
2.105685,5.112404,7.218089,42.67413,3.002369,64.814837,0.109592,2048,16777216,16777374,16777552,1.259075,6.984784,182.305551,2.304835,2.492102,195.346562,15.576352,48.443832,50.353607,98.797439,57.596748,True,baseline,0,7,False
2.093657,1.548014,3.641671,45.609357,3.668669,70.044056,0.091298,2048,16777216,16777374,16777553,1.287853,5.781317,190.850122,2.322259,2.55587,202.797621,15.777552,51.371062,49.889413,101.260475,66.402385,True,baseline,0,8,False
2.363303,1.320397,3.6837,42.536166,4.985871,58.056694,0.152356,2048,16777216,16777374,16777551,1.25321,5.837669,177.146375,2.261058,2.446007,188.944481,15.913432,48.562748,49.470455,98.033203,54.372994,True,baseline,0,9,False
2.263824,1.694567,3.958391,41.936828,2.792685,50.91237,0.101734,2048,16777216,16777374,16777552,1.240361,6.116084,166.919312,2.308315,2.462713,179.046942,15.820796,47.723977,49.562432,97.28640899999999,46.953979000000004,True,baseline,0,10,False
4.574134,2.044059,6.618193,102.951908,5.25348,160.245898,0.111214,4096,33554432,33554592,33554772,2.215948,46.205699,426.359636,5.671462,5.344286,485.797241,45.374863,109.016582,106.351932,215.368514,153.62770500000002,True,baseline,0,3,False
4.574322,2.081586,6.655908,97.107668,5.310159,146.426142,0.103501,4096,33554432,33554592,33554772,2.442703,38.187196,396.310403,5.48043,5.353046,447.774018,45.462251,102.855506,96.147567,199.003073,139.770234,True,baseline,0,4,False
4.505105,9.725777,14.230882,93.472161,5.464598,163.674389,0.106311,4096,33554432,33554592,33554773,2.398261,37.317727,410.260347,5.403941,5.368368,460.748794,45.245465,99.57057,96.192408,195.762978,149.44350699999998,True,baseline,0,5,False
4.454711,2.127302,6.582013,105.023631,5.417491,180.150697,0.107234,4096,33554432,33554592,33554773,2.391586,37.323504,449.199309,5.434557,5.427872,499.777007,45.735408,110.767982,107.004927,217.772909,173.56868400000002,True,baseline,0,6,False
4.447258,2.109301,6.556559,94.325762,6.10764,154.740145,0.156966,4096,33554432,33554592,33554771,2.43573,37.941221,412.257649,5.623995,5.790874,464.04962,45.589864,100.209166,105.448664,205.65783,148.18358600000002,True,baseline,0,7,False
4.551988,2.053123,6.605111,96.326644,5.016176,164.478922,0.167676,4096,33554432,33554592,33554772,2.40278,38.68857,416.258219,5.54531,5.011959,467.906951,45.346328,102.692394,98.551321,201.243715,157.87381100000002,True,baseline,0,8,False
4.570462,2.064804,6.635266,103.359379,4.920759,159.335136,0.140837,4096,33554432,33554592,33554773,2.40421,38.255034,414.8343,5.571663,5.332442,466.39778,45.24085,109.153041,96.037523,205.190564,152.69987,True,baseline,0,9,False
4.400911,2.15311,6.554021,97.236376,5.580986,154.073044,0.386569,4096,33554432,33554592,33554771,2.383576,37.154177,406.17774,5.411832,5.38198,456.509429,45.364289,102.96006,97.802896,200.762956,147.519023,True,baseline,0,10,False
8.839651,19.074775,27.914426,304.842294,16.569812,335.094618,0.330481,8192,67108864,67109024,67109208,33.863514,103.59397,1020.232434,13.372599,9.161474,1180.224201,99.37346,310.57949,258.276707,568.8561970000001,307.18019200000003,True,baseline,0,3,False
8.94413,34.311011,43.255141,313.28892,13.465406,333.33584,0.152128,8192,67108864,67109024,67109205,33.96985,101.85904,1013.249712,12.872418,9.084336,1171.035578,99.604674,319.308973,247.376453,566.685426,290.08069900000004,True,baseline,0,4,False
8.899927,3.897321,12.797248,300.367348,12.523583,316.370985,0.107004,8192,67108864,67109024,67109207,34.575864,102.789782,1046.18748,34.783639,9.266067,1227.603088,99.369459,306.127267,311.684521,617.811788,303.573737,True,baseline,0,5,False
8.937063,19.243096,28.180159,268.676958,12.602596,331.461038,0.106251,8192,67108864,67109024,67109208,4.64852,114.154319,943.801626,5.471699,9.086233,1077.162613,99.912217,274.647159,225.067033,499.714192,303.28087899999997,True,baseline,0,6,False
8.974147,19.23964,28.213787,207.137377,14.700182,332.151002,0.222737,8192,67108864,67109024,67109207,4.593442,44.335551,906.883783,7.044874,11.502663,974.360493,99.619754,213.569548,246.610813,460.180361,303.937215,True,baseline,0,7,False
8.957395,34.230076,43.187471,271.623447,13.717762,364.966623,0.095016,8192,67108864,67109024,67109208,4.060399,89.073929,1015.413644,5.440915,11.449494,1125.438692,100.302468,277.597908,258.72771,536.3256180000001,321.779152,True,baseline,0,8,False
8.899105,34.485832,43.384937,285.395846,13.331437,378.527971,0.094765,8192,67108864,67109024,67109208,11.421028,75.748271,1030.09698,5.476321,9.160931,1131.903851,99.788409,291.364337,246.984429,538.348766,335.143034,True,baseline,0,9,False
8.991817,34.276687,43.268504,296.496205,13.401712,376.763993,0.103569,8192,67108864,67109024,67109208,4.631702,87.910671,1044.478501,5.827368,9.26313,1152.111645,99.578848,302.362719,252.255153,554.617872,333.495489,True,baseline,0,10,False
17.688421,68.338533,86.026954,1176.543292,37.821165,756.700579,0.123634,16384,134217728,134217891,134218076,51.151469,215.720075,2697.421157,41.326528,17.913969,3023.533671,201.418243,1182.725449,518.624539,1701.349988,670.6736249999999,True,baseline,0,3,False
17.551034,68.38567,85.936704,1172.671878,37.807621,753.439519,0.125202,16384,134217728,134217891,134218075,51.529279,207.854194,2713.155965,38.904873,17.818376,3029.262968,201.165638,1178.891846,541.720082,1720.611928,667.502815,True,baseline,0,4,False
17.71904,68.352594,86.071634,1161.454771,37.945744,754.028043,0.129156,16384,134217728,134217891,134218075,51.45713,206.921414,2652.868818,39.058242,17.837656,2968.143541,201.526125,1167.570733,491.662547,1659.23328,667.956409,True,baseline,0,5,False
17.796378,68.230111,86.026489,1165.746232,37.766309,753.655271,0.201182,16384,134217728,134217891,134218076,38.809539,207.308318,2693.474759,40.250243,17.999697,2997.842972,201.42904,1171.511997,528.904095,1700.416092,667.628782,True,baseline,0,6,False
17.785197,72.013915,89.799112,1164.426417,40.540679,755.716601,0.111469,16384,134217728,134217891,134218076,51.189431,207.312913,2699.152514,41.702131,19.015807,3018.37336,201.846357,1170.39558,530.535141,1700.9307210000002,665.9174889999999,True,baseline,0,7,False
17.704096,68.389256,86.093352,1164.052538,42.853957,755.808413,0.124194,16384,134217728,134217891,134218076,51.507309,208.399557,2694.741354,42.770402,17.865603,3015.284423,201.834975,1170.384235,523.728826,1694.113061,669.715061,True,baseline,0,8,False
17.828124,68.504187,86.332311,1165.983713,38.377239,755.555977,0.123209,16384,134217728,134217891,134218076,52.064856,208.842926,2697.430924,40.219008,17.885111,3016.443189,202.613925,1172.01174,528.74313,1700.7548699999998,669.223666,True,baseline,0,9,False
17.828944,68.714589,86.543533,1174.62803,38.09999,754.969225,0.166506,16384,134217728,134217891,134218074,51.249573,207.094676,2685.759589,41.119032,17.748906,3002.97201,201.324944,1180.68526,510.507613,1691.192873,668.425692,True,baseline,0,10,False
4.500747,2.32984,6.830587,100.199644,7.515649,99.212156,0.117264,4096,33554432,33554592,33554771,2.408999,27.728594,348.900084,4.599098,4.670576,388.307527,40.921431,105.900741,95.227898,201.128639,92.381569,True,baseline,1,3,False
4.736749,17.881503,22.618252,102.373331,5.685591,149.737536,0.10928,4096,33554432,33554592,33554774,2.408326,26.963318,416.477829,4.597157,4.621388,455.068156,48.923086,108.084384,103.931884,212.016268,127.11928400000001,True,baseline,1,4,False
5.248275,2.114862,7.363137,89.222001,8.434864,138.500682,0.122193,4096,33554432,33554592,33554772,2.415949,27.81537,382.332465,4.612519,4.69368,421.870145,35.530292,95.023504,104.715567,199.739071,131.13754500000002,True,baseline,1,5,False
4.837052,2.122427,6.959479,106.155348,4.944597,142.538257,0.113134,4096,33554432,33554592,33554773,2.393453,27.194431,522.944715,8.547506,4.676227,565.756497,47.805695,111.906032,215.631703,327.537735,135.578778,True,baseline,1,6,False
4.518157,2.302921,6.821078,102.777296,4.499817,124.492693,0.114498,4096,33554432,33554592,33554773,2.892277,30.04089,379.570595,4.662994,4.627413,421.794307,35.822615,108.402747,106.231567,214.63431400000002,117.671615,True,baseline,1,7,False
4.45109,2.167467,6.618557,92.594996,9.788979,123.148731,0.11851,4096,33554432,33554592,33554770,5.667752,22.917419,395.596613,4.693081,4.690082,433.565325,51.091402,98.273948,113.169493,211.443441,116.530174,True,baseline,1,8,False
4.794179,17.689467,22.483646,101.48687,5.478888,147.975146,0.105668,4096,33554432,33554592,33554774,2.414791,18.677713,400.509773,4.633596,4.700851,430.936976,35.849742,107.117707,103.977172,211.094879,125.4915,True,baseline,1,9,False
4.778559,2.903764,7.682323,85.621992,9.949577,143.412138,0.110766,4096,33554432,33554592,33554772,2.413912,20.953478,398.703359,4.747791,4.836729,431.65547,47.793748,91.67007,105.760359,197.430429,135.729815,True,baseline,1,10,False
0.368533,0.267958,0.636491,0.469343,0.165089,2.047974,0.0628,128,1048576,1048729,1048905,0.179764,0.376179,14.594457,0.133909,0.428115,15.712575,0.381223,5.894686,6.03962,11.934306,1.411483,True,baseline,1,3,False
0.363782,0.232029,0.595811,0.471302,0.166567,2.154195,0.0596,128,1048576,1048729,1048905,0.181256,0.341493,14.601558,0.12827,0.40616,15.658886,0.323835,5.904536,5.989836,11.894372,1.5583840000000002,True,baseline,1,4,False
0.359128,0.307861,0.666989,0.462653,0.157758,2.01508,0.057244,128,1048576,1048729,1048906,0.175574,0.339819,14.46672,0.148016,0.386653,15.516944,0.376609,5.856094,6.00096,11.857054,1.3480910000000002,True,baseline,1,5,False
0.35979,0.35206,0.71185,0.466984,0.162422,2.045749,0.058622,128,1048576,1048729,1048904,0.176416,0.340991,14.441353,0.154582,0.402607,15.516099,0.326974,5.873077,5.971586,11.844663,1.3338989999999997,True,baseline,1,6,False
0.347266,0.204597,0.551863,0.460192,0.154413,1.857411,0.057192,128,1048576,1048729,1048907,0.194818,0.335278,14.242787,0.167891,0.376849,15.317772,0.376431,5.824648,5.969435,11.794083,1.305548,True,baseline,1,7,False
0.354655,0.278699,0.633354,0.458535,0.156714,1.929629,0.056816,128,1048576,1048729,1048907,0.20644,0.342021,14.299392,0.144512,0.409586,15.402055,0.325505,5.852108,5.975809,11.827917,1.296275,True,baseline,1,8,False
0.367356,0.289286,0.656642,0.458871,0.153699,2.128256,0.056135,128,1048576,1048729,1048907,0.200869,0.344646,14.710575,0.128937,0.384353,15.7695,0.411505,5.842939,6.114745,11.957684,1.471614,True,baseline,1,9,False
0.359712,0.259889,0.619601,0.479793,0.173334,2.000324,0.058069,128,1048576,1048729,1048907,0.199572,0.582084,14.601663,0.140776,0.394055,15.918292,0.321069,5.842267,6.203731,12.045998,1.3807230000000001,True,baseline,1,10,False
0.54238,0.472058,1.014438,0.796187,0.209517,4.17939,0.062226,256,2097152,2097307,2097483,0.283104,1.177991,17.791796,0.600903,0.538699,20.39262,0.498791,6.189682,6.648468,12.83815,3.1649519999999995,True,baseline,1,3,False
0.546481,0.371651,0.918132,0.79936,0.320686,3.930709,0.053163,256,2097152,2097307,2097484,0.408956,1.342139,17.584952,0.535146,0.516355,20.387696,0.564273,6.192914,6.520502,12.713415999999999,3.012577,True,baseline,1,4,False
0.496435,0.341764,0.838199,0.801872,0.200497,3.815385,0.06541,256,2097152,2097307,2097484,0.362977,0.662434,17.439708,0.233928,0.521533,19.220703,0.654347,6.161499,6.536965,12.698464000000001,2.977186,True,baseline,1,5,False
0.527166,0.36533,0.892496,0.823354,0.326379,3.668608,0.052866,256,2097152,2097307,2097484,0.28431,0.643978,17.267581,0.188647,0.510976,18.895634,0.538514,6.198507,6.480085,12.678592,2.776112,True,baseline,1,6,False
0.472056,0.354185,0.826241,1.079973,0.224081,4.733752,0.056323,256,2097152,2097307,2097485,0.276693,0.622862,19.133798,0.310567,0.557425,20.901494,0.6641,6.457268,6.988454,13.445722,3.907511,True,baseline,1,7,False
0.513788,0.354131,0.867919,0.894385,0.362931,3.750017,0.129809,256,2097152,2097307,2097485,0.330905,0.714263,17.91426,0.188859,0.5147,19.663132,0.673069,6.453613,6.541902,12.995515000000001,2.882098,True,baseline,1,8,False
0.48554,0.349933,0.835473,0.806122,0.189781,3.841518,0.065865,256,2097152,2097307,2097484,0.279123,0.625733,17.518427,0.220843,0.515333,19.159594,0.698353,6.179858,6.539165,12.719023,3.0060450000000003,True,baseline,1,9,False
0.492964,0.354843,0.847807,0.797487,0.325111,3.660634,0.052424,256,2097152,2097307,2097485,0.275016,0.658033,17.364101,0.199897,0.500113,18.997315,0.637852,6.182866,6.502256,12.685122,2.812827,True,baseline,1,10,False
2.407862,2.946181,5.354043,42.738984,1.938521,60.463335,0.098749,2048,16777216,16777374,16777553,1.288214,5.771081,170.616227,1.901314,2.378305,181.955307,10.796065,48.322571,48.991086,97.313657,55.109292,True,baseline,1,3,False
2.083358,2.327186,4.410544,42.096835,4.347925,42.467848,0.112086,2048,16777216,16777374,16777553,1.295913,5.756231,151.966366,2.146557,2.438499,163.603696,7.79136,47.734451,49.507396,97.241847,38.057303999999995,True,baseline,1,4,False
2.343012,2.32527,4.668282,42.733259,1.94916,52.367792,0.086111,2048,16777216,16777374,16777551,1.299345,5.86396,163.47853,1.920042,2.404382,174.966464,11.456395,48.315705,49.296114,97.611819,47.699510000000004,True,baseline,1,5,False
2.231824,1.272031,3.503855,42.712979,1.929226,30.040849,0.118344,2048,16777216,16777374,16777553,1.301412,5.689226,136.069547,2.118754,2.3804,147.559585,4.594642,48.320922,51.060639,99.381561,26.536994,True,baseline,1,6,False
2.333481,2.425077,4.758558,42.616226,1.976019,48.388771,0.082579,2048,16777216,16777374,16777553,1.29428,5.613149,158.734757,1.853505,2.392606,169.888445,10.863648,48.211768,49.205142,97.41691,43.630213,True,baseline,1,7,False
2.570761,2.240929,4.81169,42.252846,2.121612,36.199087,0.111291,2048,16777216,16777374,16777552,1.293762,6.345478,141.824639,4.022485,2.40216,155.888682,5.866526,47.840048,49.681903,97.521951,31.387397,True,baseline,1,8,False
2.31603,1.617228,3.933258,42.128786,2.391642,39.01382,0.10109,2048,16777216,16777374,16777550,1.29698,13.15361,150.076471,3.832076,2.376147,170.735472,11.522095,47.733992,49.308089,97.042081,35.080562,True,baseline,1,9,False
2.353841,1.690956,4.044797,50.883611,1.914914,39.587389,0.108363,2048,16777216,16777374,16777553,1.307738,13.233717,153.291453,4.091492,2.358036,174.28256,5.619794,56.517924,49.538087,106.056011,35.542592,True,baseline,1,10,False
0.229185,0.042973,0.272158,0.030775,0.034139,0.575693,0.050181,1,8192,8335,8515,0.064217,0.032199,11.450292,0.037799,0.251961,11.836571,0.036345,5.375452,5.375672,10.751124,0.303535,True,baseline,1,3,False
0.225304,0.043352,0.268656,0.02759,0.032704,0.783899,0.03997,1,8192,8335,8513,0.063254,0.032304,11.58911,0.036836,0.249653,11.971263,0.03199,5.359168,5.338814,10.697982,0.515243,True,baseline,1,4,False
0.215766,0.04355,0.259316,0.030072,0.032712,0.550195,0.049725,1,8192,8335,8514,0.064383,0.033073,11.408073,0.03705,0.231588,11.774273,0.040397,5.375397,5.356727,10.732124,0.290879,True,baseline,1,5,False
0.220498,0.04278,0.263278,0.028939,0.03214,0.697731,0.038243,1,8192,8335,8513,0.061142,0.032298,11.497119,0.038271,0.240055,11.868999,0.031195,5.354809,5.34078,10.695589,0.434453,True,baseline,1,6,False
0.209696,0.040673,0.250369,0.032387,0.035478,0.542636,0.049455,1,8192,8335,8515,0.065876,0.033818,11.419458,0.038342,0.222229,11.779829,0.036229,5.379968,5.373109,10.753077000000001,0.292267,True,baseline,1,7,False
0.195387,0.042325,0.237712,0.18827,0.033902,0.545654,0.03897,1,8192,8335,8513,0.062828,0.032581,11.533772,0.037736,0.240868,11.907882,0.030111,5.539065,5.34407,10.883135,0.30794199999999994,True,baseline,1,8,False
0.210808,0.040523,0.251331,0.030721,0.033419,0.539159,0.04318,1,8192,8335,8514,0.061538,0.030634,11.377938,0.03686,0.224034,11.731106,0.035355,5.366554,5.357492,10.724046,0.28782800000000003,True,baseline,1,9,False
0.237499,0.044592,0.282091,0.029198,0.032755,0.556633,0.037964,1,8192,8335,8515,0.063124,0.031974,11.36011,0.036539,0.21913,11.710987,0.028737,5.362581,5.33949,10.702071,0.27454200000000006,True,baseline,1,10,False
0.830967,0.588232,1.419199,10.349789,0.622685,7.297099,0.054256,512,4194304,4194459,4194638,0.441857,1.413937,40.925437,0.443306,0.724474,43.949137,1.203197,15.79556,15.949706,31.745266,5.8779,True,baseline,1,3,False
0.734945,0.525937,1.260882,10.390707,0.49314,7.850127,0.068088,512,4194304,4194459,4194637,0.500014,1.365376,41.633588,0.539596,0.796637,44.835367,1.21909,15.816919,16.18264,31.999558999999998,6.589245,True,baseline,1,4,False
0.816122,0.991834,1.807956,10.345606,0.603642,8.230617,0.055906,512,4194304,4194459,4194638,0.445865,1.431503,41.768062,0.392602,0.683241,44.721433,1.021194,15.797586,16.055767,31.853353,6.422661000000001,True,baseline,1,5,False
0.733351,0.951259,1.68461,10.375675,0.496908,8.046932,0.072121,512,4194304,4194459,4194637,0.42052,1.277405,41.74392,0.529894,0.780745,44.752599,1.168986,15.798167,16.157195,31.955362,6.362322,True,baseline,1,6,False
0.78991,0.976329,1.766239,10.350417,0.596592,8.158022,0.052846,512,4194304,4194459,4194637,0.447381,1.414401,41.959083,0.384341,0.684044,44.889433,1.259213,15.811703,16.077143,31.888846,6.391783000000001,True,baseline,1,7,False
0.854334,0.519373,1.373707,10.39548,0.486293,7.986427,0.068472,512,4194304,4194459,4194637,0.427608,1.269725,42.002197,0.529463,0.814381,45.043503,1.412734,15.804324,16.239144,32.043468,6.6127199999999995,True,baseline,1,8,False
0.827817,0.938822,1.766639,10.347489,0.606189,7.71641,0.055137,512,4194304,4194459,4194637,0.438882,1.405609,41.263201,0.397158,0.682134,44.187111,1.030872,15.805534,16.045953,31.851487,5.949771,True,baseline,1,9,False
0.70065,0.502862,1.203512,10.380676,0.465468,7.456156,0.069032,512,4194304,4194459,4194637,0.432498,1.279439,41.447113,0.529401,0.812006,44.500593,1.460039,15.793941,16.199273,31.993214000000002,6.252644,True,baseline,1,10,False
0.283514,0.166767,0.450281,0.244312,0.062897,1.268537,0.056285,64,524288,524438,524617,0.12869,0.176012,12.818505,0.077142,0.324937,13.525446,0.148036,5.598928,5.68053,11.279458,0.8182560000000001,True,baseline,1,3,False
0.292349,0.134492,0.426841,0.292186,0.066365,1.172729,0.051413,64,524288,524438,524617,0.119737,0.137603,12.720786,0.080399,0.299983,13.358615,0.105228,5.658311,5.663978,11.322289000000001,0.7458879999999999,True,baseline,1,4,False
0.276643,0.14575,0.422393,0.245665,0.063638,1.281701,0.053358,64,524288,524438,524616,0.132113,0.160404,12.857956,0.077909,0.314497,13.543008,0.157928,5.606672,5.69142,11.298092,0.859308,True,baseline,1,5,False
0.312275,0.115867,0.428142,0.290228,0.066397,1.238838,0.044773,64,524288,524438,524617,0.130575,0.155115,12.822648,0.07853,0.309111,13.496091,0.123493,5.66795,5.67848,11.346430000000002,0.8106960000000001,True,baseline,1,6,False
0.275714,0.136303,0.412017,0.244203,0.062102,1.269662,0.051612,64,524288,524438,524617,0.130173,0.151482,12.825168,0.075321,0.314515,13.49679,0.150282,5.600328,5.688061,11.288389,0.857645,True,baseline,1,7,False
0.275935,0.14551,0.421445,0.297877,0.065267,1.180722,0.045626,64,524288,524438,524616,0.129063,0.153847,12.717833,0.073282,0.290007,13.364152,0.101425,5.660925,5.661333,11.322258,0.759277,True,baseline,1,8,False
0.284244,0.155621,0.439865,0.247086,0.065604,1.282804,0.053767,64,524288,524438,524617,0.133085,0.174495,13.133853,0.084092,0.318029,13.843698,0.14748,5.600925,5.980081,11.581006,0.8429390000000001,True,baseline,1,9,False
0.329816,0.201329,0.531145,0.286267,0.067028,1.419019,0.046067,64,524288,524438,524617,0.132137,0.162056,12.92441,0.074546,0.311368,13.604692,0.099726,5.651769,5.638513,11.290282,0.887874,True,baseline,1,10,False
0.2402,0.050415,0.290615,0.03889,0.03525,0.585425,0.039614,4,32768,32913,33089,0.064475,0.034159,11.426452,0.039387,0.22747,11.792043,0.032123,5.364227,5.367865,10.732092,0.29480999999999996,True,baseline,1,3,False
0.228157,0.043696,0.271853,0.038249,0.03462,0.602924,0.05113,4,32768,32913,33091,0.065718,0.036201,11.478732,0.037445,0.242726,11.860934,0.038916,5.375332,5.373069,10.748401000000001,0.331071,True,baseline,1,4,False
0.236941,0.051627,0.288568,0.039447,0.035003,0.601994,0.039701,4,32768,32913,33093,0.065597,0.036741,11.432969,0.037016,0.234275,11.806725,0.031665,5.368967,5.353603,10.72257,0.31342600000000004,True,baseline,1,5,False
0.225113,0.042944,0.268057,0.036711,0.0335,0.589908,0.050485,4,32768,32913,33091,0.064257,0.035626,11.461303,0.037482,0.259356,11.858129,0.038116,5.374826,5.371494,10.74632,0.321851,True,baseline,1,6,False
0.23979,0.050899,0.290689,0.037062,0.032481,0.586045,0.038063,4,32768,32913,33092,0.064985,0.037387,11.404667,0.036741,0.209977,11.753863,0.0308,5.371095,5.344311,10.715406000000002,0.29535600000000006,True,baseline,1,7,False
0.231112,0.045454,0.276566,0.039768,0.036784,0.582861,0.050083,4,32768,32913,33093,0.065545,0.035627,11.469376,0.037449,0.249221,11.857314,0.039575,5.374465,5.382862,10.757327,0.306295,True,baseline,1,8,False
0.235582,0.04981,0.285392,0.039613,0.035456,0.580351,0.039141,4,32768,32913,33092,0.06383,0.036065,11.422475,0.036498,0.231281,11.790247,0.030171,5.38746,5.34797,10.735430000000001,0.29495899999999997,True,baseline,1,9,False
0.222858,0.044205,0.267063,0.037594,0.034003,0.57192,0.042864,4,32768,32913,33092,0.066506,0.035662,11.452051,0.037364,0.252356,11.844052,0.038171,5.382548,5.379887,10.762435,0.304857,True,baseline,1,10,False
1.258196,1.127027,2.385223,20.979818,1.100539,14.481385,0.092613,1024,8388608,8388766,8388945,0.741225,2.779541,72.601297,1.114042,1.370538,78.606771,2.935536,26.508506,27.478998,53.987504,12.096162,True,baseline,1,3,False
1.33389,1.330692,2.664582,21.131114,0.958547,17.604957,0.071767,1024,8388608,8388766,8388944,0.725235,2.772383,74.565315,0.791943,1.159002,80.014013,1.901915,26.665249,27.358387,54.023635999999996,14.940375,True,baseline,1,4,False
1.255685,1.049744,2.305429,21.011109,1.065115,18.397437,0.100563,1024,8388608,8388766,8388945,0.72103,2.723716,75.984355,1.087591,1.363967,81.88079,2.446506,26.534255,27.436263,53.970518,16.092008,True,baseline,1,5,False
1.369892,1.455626,2.825518,21.049673,0.955694,17.868448,0.070662,1024,8388608,8388766,8388945,0.729167,2.786189,75.078151,1.040436,1.280016,80.914122,2.242397,26.598664,27.337836,53.936499999999995,15.04293,True,baseline,1,6,False
1.31084,0.946096,2.256936,20.954864,1.013835,15.659999,0.093298,1024,8388608,8388766,8388944,0.931015,2.963,73.257396,1.066186,1.286352,79.504078,2.507645,26.512563,27.464828,53.977391,13.403063,True,baseline,1,7,False
1.202951,0.975217,2.178168,21.025747,1.17584,18.502009,0.080021,1024,8388608,8388766,8388944,0.770971,3.014128,75.868678,1.707863,1.328634,82.690392,1.904988,26.561911,27.638214,54.200125,16.323841,True,baseline,1,8,False
1.201475,0.710541,1.912016,20.955751,1.143534,16.069473,0.068818,1024,8388608,8388766,8388945,1.190502,3.554289,73.615633,1.084192,1.307394,80.752126,2.393885,26.510216,27.425148,53.935364,14.157456999999999,True,baseline,1,9,False
1.455981,0.887912,2.343893,21.944438,0.722596,17.151389,0.078379,1024,8388608,8388766,8388945,0.747272,2.97089,90.162796,2.63572,1.288435,97.805275,1.786225,27.454652,42.965638,70.42029,14.807496000000002,True,baseline,1,10,False
17.372463,68.228982,85.601445,1092.751163,37.024308,760.914895,0.123831,16384,134217728,134217891,134218076,32.864465,178.040789,2621.772622,29.723859,18.021395,2880.423413,206.886656,1098.977534,517.828986,1616.80652,675.31345,True,baseline,1,3,False
17.872499,68.47356,86.346059,1105.348194,39.832481,763.611889,0.217126,16384,134217728,134217891,134218075,32.841723,177.756596,2638.350409,25.98969,17.762677,2892.701366,204.556884,1111.62886,518.484742,1630.113602,677.26583,True,baseline,1,4,False
16.855831,66.162901,83.018732,1097.669238,42.027256,755.304962,0.21649,16384,134217728,134217891,134218075,32.761944,179.710252,2619.437873,24.71893,17.731266,2874.360476,203.163453,1103.9367,514.767824,1618.704524,672.28623,True,baseline,1,5,False
16.876083,66.491591,83.367674,1080.730058,37.101952,758.702493,0.449981,16384,134217728,134217891,134218076,33.940722,176.913628,2615.968781,25.618167,17.6807,2870.122158,201.01735,1087.432316,531.256572,1618.688888,675.334819,True,baseline,1,6,False
17.087027,66.514149,83.601176,1080.736285,36.974065,750.584671,0.122888,16384,134217728,134217891,134218076,40.191694,182.857778,2611.715075,25.848581,25.313425,2885.926767,204.455358,1086.808495,532.757345,1619.56584,666.983495,True,baseline,1,7,False
17.906983,67.765331,85.672314,1083.219346,37.269189,759.920985,0.220225,16384,134217728,134217891,134218076,39.656752,176.920137,2633.037851,24.672605,17.850887,2892.138452,204.223522,1089.433795,541.963066,1631.396861,674.248671,True,baseline,1,8,False
16.986587,65.992457,82.979044,1101.595925,37.315929,755.646748,0.206502,16384,134217728,134217891,134218076,8.944683,175.867226,2597.964091,24.525914,17.599919,2824.902027,204.148711,1107.475835,493.161434,1600.6372689999998,672.667704,True,baseline,1,9,False
17.724039,68.002672,85.726711,1084.250304,36.838558,756.291076,0.117767,16384,134217728,134217891,134218076,33.042934,177.950328,2627.503578,24.449386,17.665414,2880.611807,203.270993,1090.175076,540.803096,1630.978172,670.564365,True,baseline,1,10,False
0.214079,0.055845,0.269924,0.063025,0.041422,0.60902,0.050905,16,131072,131220,131398,0.078117,0.059817,11.596869,0.04125,0.28526,12.061444,0.043428,5.415215,5.4343,10.849515,0.339096,True,baseline,1,3,False
0.226236,0.05649,0.282726,0.063149,0.038743,0.705161,0.0492,16,131072,131220,131396,0.079935,0.061821,11.715106,0.041638,0.256158,12.154755,0.043789,5.409639,5.465935,10.875574,0.42243500000000006,True,baseline,1,4,False
0.208272,0.059167,0.267439,0.061858,0.039574,0.593762,0.051941,16,131072,131220,131399,0.081624,0.058709,11.571696,0.040939,0.295021,12.048123,0.041322,5.41402,5.428406,10.842426,0.32632300000000003,True,baseline,1,5,False
0.225353,0.058424,0.283777,0.061163,0.038859,0.59382,0.046782,16,131072,131220,131398,0.076668,0.058337,11.551458,0.040966,0.28163,12.009167,0.043127,5.403474,5.422984,10.826457999999999,0.310043,True,baseline,1,6,False
0.206444,0.057428,0.263872,0.073217,0.040062,0.594626,0.046836,16,131072,131220,131399,0.078944,0.059003,11.581961,0.042342,0.281656,12.044004,0.041521,5.428177,5.428181,10.856358,0.330754,True,baseline,1,7,False
0.203923,0.05665,0.260573,0.061445,0.039532,0.591558,0.048008,16,131072,131220,131398,0.07601,0.062923,11.558032,0.041083,0.27012,12.008263,0.043056,5.398767,5.434671,10.833438000000001,0.33098500000000003,True,baseline,1,8,False
0.211281,0.059057,0.270338,0.060742,0.039211,0.614097,0.045842,16,131072,131220,131399,0.078127,0.057612,11.607711,0.070202,0.256179,12.069944,0.040948,5.412358,5.45269,10.865048,0.343759,True,baseline,1,9,False
0.207085,0.054404,0.261489,0.062884,0.040086,0.586408,0.048391,16,131072,131220,131399,0.075972,0.058838,11.611174,0.064365,0.246835,12.057291,0.043487,5.432583,5.45759,10.890173,0.324919,True,baseline,1,10,False
9.508872,35.035378,44.54425,311.410037,12.378065,388.595726,0.104504,8192,67108864,67109024,67109207,4.617741,88.68525,1061.079418,12.524697,9.010048,1175.917363,108.112453,317.073584,234.809766,551.88335,344.05147600000004,True,baseline,1,3,False
9.124172,19.739039,28.863211,298.648573,12.560259,341.95798,0.108792,8192,67108864,67109024,67109207,4.637238,88.106494,1020.764348,12.461381,9.001618,1134.971555,101.551088,304.273787,260.306931,564.580718,313.09476900000004,True,baseline,1,4,False
9.16042,34.291638,43.452058,303.626364,12.368071,387.203327,0.110042,8192,67108864,67109024,67109207,4.610137,88.603611,1042.819718,12.489692,8.940745,1157.46403,100.881625,309.285377,232.964803,542.25018,343.751269,True,baseline,1,5,False
9.107618,34.491437,43.599055,298.401004,12.421949,356.597568,0.110921,8192,67108864,67109024,67109208,4.619511,87.975793,1026.556031,12.548534,9.028748,1140.72882,100.83613,304.112374,252.471236,556.58361,312.998513,True,baseline,1,6,False
8.991227,34.286321,43.277548,294.947189,12.332936,387.497564,0.114851,8192,67108864,67109024,67109208,16.804247,87.829891,1034.270575,12.501328,8.9825,1160.388691,100.786462,300.606297,232.927148,533.533445,344.220016,True,baseline,1,7,False
9.173362,34.267269,43.440631,298.286375,12.441269,353.409195,0.103387,8192,67108864,67109024,67109208,4.590409,87.871305,1003.124993,12.585186,9.110886,1117.282989,101.289929,303.944546,231.931366,535.875912,309.968564,True,baseline,1,8,False
9.090806,34.412424,43.50323,295.667373,12.377012,387.195587,0.106262,8192,67108864,67109024,67109207,4.599638,87.506458,1054.85199,12.512237,9.04573,1168.516666,100.93843,301.45856,252.770123,554.228683,343.692357,True,baseline,1,9,False
9.107962,34.396423,43.504385,295.46181,12.409317,354.354445,0.111043,8192,67108864,67109024,67109207,4.589967,87.471317,1000.844848,12.381007,8.974354,1114.261807,101.010434,301.121567,231.832662,532.954229,310.85006,True,baseline,1,10,False
0.230733,0.043134,0.273867,0.027352,0.034329,0.513895,0.047361,1,8192,8335,8515,0.063589,0.03286,11.388239,0.036243,0.245116,11.766129,0.041593,5.370112,5.378006,10.748118,0.24002799999999996,True,stage1,0,3,False
0.216356,0.043602,0.259958,0.028888,0.034902,0.494794,0.042864,1,8192,8335,8515,0.063478,0.032965,11.548611,0.035318,0.23529,11.915765,0.039577,5.552633,5.380641,10.933274,0.234836,True,stage1,0,4,False
0.249222,0.046157,0.295379,0.027222,0.034194,0.532211,0.045268,1,8192,8335,8515,0.063511,0.035699,11.387498,0.0365,0.234384,11.757685,0.040077,5.360165,5.372761,10.732925999999999,0.236832,True,stage1,0,5,False
0.2347,0.044141,0.278841,0.027085,0.032651,0.51465,0.053707,1,8192,8335,8512,0.06075,0.031642,11.358376,0.036005,0.241395,11.728271,0.04113,5.349551,5.363811,10.713362,0.23580900000000005,True,stage1,0,6,False
0.236562,0.042655,0.279217,0.02791,0.032518,0.510845,0.054391,1,8192,8335,8514,0.062543,0.032449,11.37218,0.035096,0.243652,11.746013,0.03982,5.362177,5.369653,10.731829999999999,0.231628,True,stage1,0,7,False
0.230418,0.042483,0.272901,0.027036,0.033129,0.503948,0.046219,1,8192,8335,8515,0.063338,0.032509,11.351694,0.035035,0.231094,11.713763,0.046593,5.358589,5.36042,10.719009,0.23104699999999995,True,stage1,0,8,False
0.236192,0.045536,0.281728,0.026854,0.032857,0.517472,0.043412,1,8192,8335,8515,0.062834,0.032008,11.356968,0.035661,0.235353,11.722913,0.040585,5.350001,5.369632,10.719633,0.23574400000000006,True,stage1,0,9,False
0.222569,0.043283,0.265852,0.026833,0.032214,0.497671,0.037407,1,8192,8335,8515,0.061361,0.032904,11.323217,0.035808,0.225385,11.678754,0.039384,5.357604,5.356096,10.7137,0.231819,True,stage1,0,10,False
0.235213,0.045612,0.280825,0.035668,0.03668,0.528233,0.043267,4,32768,32913,33092,0.065697,0.034787,11.395819,0.037165,0.23498,11.768542,0.039884,5.372921,5.372011,10.744931999999999,0.24740799999999996,True,stage1,0,3,False
0.242661,0.04537,0.288031,0.036844,0.035258,0.525656,0.043128,4,32768,32913,33092,0.065009,0.03701,11.386345,0.037244,0.239735,11.765433,0.039526,5.363694,5.376316,10.74001,0.23762500000000003,True,stage1,0,4,False
0.231333,0.045125,0.276458,0.034383,0.036897,0.517043,0.037997,4,32768,32913,33093,0.066558,0.03715,11.369999,0.038102,0.237008,11.748936,0.041781,5.365177,5.368138,10.733315000000001,0.24058500000000005,True,stage1,0,5,False
0.247012,0.046182,0.293194,0.033868,0.033657,0.542272,0.047065,4,32768,32913,33093,0.069065,0.034629,11.407081,0.036707,0.25852,11.806102,0.04045,5.367603,5.373174,10.740777,0.24907799999999997,True,stage1,0,6,False
0.22721,0.047941,0.275151,0.033005,0.034064,0.50945,0.04549,4,32768,32913,33090,0.065442,0.036577,11.350856,0.036204,0.236296,11.725482,0.039818,5.353184,5.366217,10.719401,0.23429899999999998,True,stage1,0,7,False
0.248648,0.045501,0.294149,0.037569,0.038198,0.53606,0.043002,4,32768,32913,33092,0.065417,0.035839,11.43807,0.035499,0.233225,11.80814,0.043006,5.393994,5.380924,10.774918,0.241911,True,stage1,0,8,False
0.237441,0.04582,0.283261,0.037658,0.03737,0.525302,0.055151,4,32768,32913,33091,0.066773,0.037392,11.441549,0.045864,0.248279,11.839948,0.044344,5.394762,5.381625,10.776387,0.24204100000000006,True,stage1,0,9,False
0.245379,0.046187,0.291566,0.040463,0.048964,0.593421,0.054736,4,32768,32913,33093,0.079277,0.039496,11.577655,0.04705,0.238791,11.982378,0.045635,5.412508,5.419313,10.831821,0.301855,True,stage1,0,10,False
0.261168,0.055165,0.316333,0.068035,0.051339,0.576382,0.051125,16,131072,131220,131399,0.082875,0.042357,11.602317,0.038391,0.256683,12.022715,0.045144,5.426672,5.448657,10.875329,0.260049,True,stage1,0,3,False
0.250653,0.055775,0.306428,0.056323,0.037432,0.568272,0.05686,16,131072,131220,131398,0.074992,0.045683,11.536458,0.039472,0.255941,11.952672,0.046287,5.384338,5.440037,10.824375,0.261844,True,stage1,0,4,False
0.255471,0.055538,0.311009,0.054498,0.036257,0.564863,0.052377,16,131072,131220,131399,0.078544,0.047205,11.518069,0.039504,0.254634,11.938066,0.04546,5.384466,5.431743,10.816209,0.253854,True,stage1,0,5,False
0.252183,0.055311,0.307494,0.057875,0.03843,0.565823,0.054477,16,131072,131220,131398,0.078605,0.046283,11.606548,0.038464,0.262196,12.032202,0.046163,5.398639,5.500076,10.898715,0.258329,True,stage1,0,6,False
0.247165,0.054586,0.301751,0.054712,0.0462,0.571299,0.044693,16,131072,131220,131397,0.074865,0.099614,11.627098,0.040751,0.229862,12.07229,0.045381,5.387915,5.528768,10.916682999999999,0.269548,True,stage1,0,7,False
0.243213,0.055427,0.29864,0.056372,0.048375,0.55689,0.046308,16,131072,131220,131397,0.077556,0.075839,11.587991,0.05602,0.229606,12.027101,0.044066,5.389687,5.499781,10.889468,0.25825,True,stage1,0,8,False
0.246605,0.055483,0.302088,0.055038,0.044592,0.563105,0.046233,16,131072,131220,131399,0.078429,0.071841,11.609003,0.058516,0.234424,12.052304,0.046056,5.392015,5.514115,10.906130000000001,0.26101699999999994,True,stage1,0,9,False
0.240673,0.055438,0.296111,0.053308,0.034428,0.556299,0.052693,16,131072,131220,131399,0.075962,0.075949,11.570077,0.039792,0.254683,12.016558,0.044362,5.371144,5.508363,10.879507,0.260188,True,stage1,0,10,False
0.306942,0.098229,0.405171,0.191445,0.05966,0.780617,0.048854,64,524288,524438,524616,0.255648,0.280845,12.328989,0.073374,0.288178,13.227134,0.069854,5.554856,5.81212,11.366976000000001,0.375446,True,stage1,0,3,False
0.302151,0.098771,0.400922,0.191257,0.063468,0.781594,0.052782,64,524288,524438,524617,0.249331,0.267397,12.368319,0.07551,0.283036,13.24369,0.069523,5.545809,5.852266,11.398075,0.380672,True,stage1,0,4,False
0.29864,0.105945,0.404585,0.187129,0.060704,0.784049,0.042266,64,524288,524438,524616,0.244503,0.259113,12.318624,0.07425,0.288321,13.184919,0.068297,5.542911,5.817272,11.360183,0.379464,True,stage1,0,5,False
0.296681,0.102651,0.399332,0.187032,0.06032,0.779363,0.049064,64,524288,524438,524616,0.250845,0.282032,12.354858,0.07205,0.287634,13.247512,0.070984,5.541426,5.850562,11.391988000000001,0.380031,True,stage1,0,6,False
0.293339,0.099323,0.392662,0.193136,0.059922,0.766692,0.042501,64,524288,524438,524617,0.248888,0.266126,12.343613,0.071621,0.282891,13.213258,0.071427,5.550853,5.849246,11.400099,0.37403000000000003,True,stage1,0,7,False
0.2983,0.100417,0.398717,0.190548,0.062954,0.774956,0.056333,64,524288,524438,524615,0.239821,0.266684,12.367616,0.072834,0.291494,13.238567,0.06933,5.557548,5.843379,11.400927,0.376239,True,stage1,0,8,False
0.301648,0.103294,0.404942,0.187251,0.065514,0.782479,0.048121,64,524288,524438,524617,0.245093,0.269004,12.338632,0.076821,0.294655,13.224308,0.069363,5.537768,5.832229,11.369997,0.377537,True,stage1,0,9,False
0.293691,0.097751,0.391442,0.189514,0.060936,0.770349,0.04815,64,524288,524438,524616,0.248366,0.263913,12.331057,0.073102,0.28671,13.203269,0.069351,5.549279,5.829786,11.379065,0.37890699999999994,True,stage1,0,10,False
0.352958,0.151129,0.504087,0.723626,0.27291,1.04645,0.045993,128,1048576,1048729,1048905,0.193459,0.1539,14.768874,0.143205,0.410476,15.670041,0.11857,6.082736,7.197834,13.28057,0.5423630000000002,True,stage1,0,3,False
0.347655,0.149224,0.496879,0.750844,0.286739,1.018625,0.056448,128,1048576,1048729,1048907,0.191391,0.146019,13.621924,0.144745,0.356736,14.460947,0.118013,6.140332,5.997995,12.138327,0.5217459999999998,True,stage1,0,4,False
0.352906,0.150669,0.503575,0.720063,0.263719,1.021171,0.045324,128,1048576,1048729,1048907,0.194976,0.143516,13.515772,0.124516,0.354384,14.333288,0.127227,6.087312,5.966986,12.054298,0.5175960000000001,True,stage1,0,5,False
0.34206,0.168689,0.510749,0.74608,0.259025,1.024444,0.045768,128,1048576,1048729,1048905,0.169335,0.152797,13.547107,0.122741,0.348635,14.340724,0.125234,6.095257,5.993529,12.088785999999999,0.5136949999999999,True,stage1,0,6,False
0.34054,0.151942,0.492482,0.720114,0.248291,1.003231,0.049373,128,1048576,1048729,1048906,0.171406,0.147079,13.4708,0.116103,0.355369,14.260874,0.12662,6.079469,5.959905,12.039373999999999,0.510749,True,stage1,0,7,False
0.343978,0.163453,0.507431,0.81044,0.300119,1.022024,0.050429,128,1048576,1048729,1048906,0.16757,0.15383,13.644127,0.126316,0.358011,14.449965,0.118733,6.17491,5.9738,12.14871,0.5145930000000001,True,stage1,0,8,False
0.337986,0.150006,0.487992,0.749066,0.265564,1.010928,0.050741,128,1048576,1048729,1048907,0.175443,0.172575,13.526127,0.121618,0.34982,14.345677,0.11617,6.122587,5.956245,12.078832,0.5229360000000001,True,stage1,0,9,False
0.337431,0.156691,0.494122,0.727577,0.251762,1.000516,0.049402,128,1048576,1048729,1048907,0.166041,0.169996,13.474817,0.117686,0.342655,14.271303,0.126477,6.102944,5.939829,12.042773,0.506394,True,stage1,0,10,False
0.50327,0.271337,0.774607,1.874117,0.569813,1.585462,0.062292,256,2097152,2097307,2097484,0.769082,0.921863,17.109296,0.206527,0.49983,19.506732,0.212762,7.430328,7.244487,14.674815,0.8108549999999999,True,stage1,0,3,False
0.502853,0.283488,0.786341,1.85838,0.55429,1.598502,0.059424,256,2097152,2097307,2097483,0.776105,0.942849,17.057354,0.209195,0.495105,19.480726,0.214469,7.427104,7.199673,14.626777,0.8121610000000001,True,stage1,0,4,False
0.496515,0.28563,0.782145,1.770072,0.563749,1.612436,0.052411,256,2097152,2097307,2097484,0.776556,0.919546,16.958474,0.2373,0.490891,19.382903,0.202715,7.328623,7.194759,14.523382000000002,0.830291,True,stage1,0,5,False
0.510514,0.296295,0.806809,1.816306,0.544554,1.63775,0.054634,256,2097152,2097307,2097484,0.772493,0.920703,17.033729,0.225472,0.490342,19.442885,0.218051,7.376494,7.198033,14.574527,0.830941,True,stage1,0,6,False
0.505705,0.2725,0.778205,1.608788,0.497176,1.607399,0.063626,256,2097152,2097307,2097483,0.758782,0.919796,16.816894,0.22485,0.50713,19.2276,0.204144,7.26773,7.17277,14.4405,0.829194,True,stage1,0,7,False
0.501034,0.266113,0.767147,1.806181,0.539473,1.622964,0.060345,256,2097152,2097307,2097485,0.775298,0.935664,17.044376,0.214565,0.495059,19.465071,0.221678,7.365118,7.23068,14.595798,0.855817,True,stage1,0,8,False
0.497195,0.259077,0.756272,1.646478,0.507611,1.581362,0.063103,256,2097152,2097307,2097485,0.762325,0.920592,16.836979,0.209606,0.510489,19.240135,0.202468,7.298497,7.180062,14.478559,0.8250899999999999,True,stage1,0,9,False
0.512523,0.283024,0.795547,1.685447,0.921223,1.640172,0.064852,256,2097152,2097307,2097485,0.761831,0.925698,17.066069,0.199656,0.489665,19.443062,0.219252,7.083973,7.13282,14.216793,0.844625,True,stage1,0,10,False
0.755629,0.422094,1.177723,3.366256,1.719467,2.956894,0.083125,512,4194304,4194459,4194637,1.386129,1.899429,22.04244,0.564778,0.808018,26.700943,0.48371,8.867614,7.927638,16.795251999999998,1.779171,True,stage1,0,3,False
0.762916,0.405058,1.167974,3.164622,1.711973,2.851074,0.072469,512,4194304,4194459,4194637,0.625147,0.625087,21.665955,0.561686,0.797092,24.275091,0.451782,8.700636,7.874125,16.574761,1.6831,True,stage1,0,4,False
0.743071,0.40237,1.145441,3.146206,1.632961,2.874966,0.073532,512,4194304,4194459,4194636,0.546112,0.566705,21.531329,0.571868,0.81952,24.035676,0.469939,8.583681,7.891524,16.475205000000003,1.7295250000000002,True,stage1,0,5,False
0.792515,0.402513,1.195028,3.125519,1.678147,2.953421,0.082248,512,4194304,4194459,4194637,0.439216,0.546777,21.767644,0.51149,0.795721,24.060966,0.477579,8.656951,7.914857,16.571807999999997,1.758393,True,stage1,0,6,False
0.759425,0.403509,1.162934,3.095483,1.640401,2.925339,0.069779,512,4194304,4194459,4194637,0.445274,0.556351,21.512431,0.524076,0.794252,23.832513,0.444004,8.54158,7.887153,16.428733,1.7624050000000002,True,stage1,0,7,False
0.762683,0.39593,1.158613,3.146003,1.653837,2.871522,0.087529,512,4194304,4194459,4194636,0.445566,0.554003,21.714555,0.55436,0.784946,24.053553,0.461166,8.689036,7.947125,16.636161,1.7129090000000002,True,stage1,0,8,False
0.781391,0.398354,1.179745,3.113986,1.630897,2.925818,0.074097,512,4194304,4194459,4194637,0.440922,0.5747,21.581024,0.51455,0.80132,23.912668,0.482877,8.579804,7.883301,16.463105,1.746073,True,stage1,0,9,False
0.793157,0.392293,1.18545,3.171713,1.683429,2.964279,0.080615,512,4194304,4194459,4194636,0.439785,0.539335,21.832894,0.520246,0.802208,24.134655,0.495268,8.717482,7.886757,16.604239,1.778829,True,stage1,0,10,False
1.357798,0.682252,2.04005,6.28202,2.837446,5.627346,0.083767,1024,8388608,8388766,8388941,2.639344,3.790492,36.894616,2.043182,1.343431,46.711273,0.995655,11.811529,15.534097,27.345626,3.5872960000000003,True,stage1,0,3,False
1.346798,0.665932,2.01273,6.307004,2.915873,5.591099,0.091907,1024,8388608,8388766,8388942,2.625265,3.8199,36.416109,1.186078,1.349045,45.396554,1.002794,11.87498,14.934594,26.809574,3.578369,True,stage1,0,4,False
1.332789,0.67402,2.006809,6.332965,2.812199,5.642005,0.093055,1024,8388608,8388766,8388942,2.604037,3.812344,36.325689,1.195058,1.363233,45.300503,1.003909,11.883706,14.886093,26.769799,3.635196,True,stage1,0,5,False
1.341695,0.685668,2.027363,6.273015,2.805536,5.653013,0.09573,1024,8388608,8388766,8388942,2.604593,3.835318,36.291161,1.247083,1.338983,45.317325,1.005919,11.825487,14.900446,26.725933,3.62565,True,stage1,0,6,False
1.346232,0.668179,2.014411,6.255921,2.798094,5.610188,0.094383,1024,8388608,8388766,8388943,2.61437,3.772231,36.182406,1.186131,1.341399,45.096713,0.997631,11.806561,14.870284,26.676845,3.595777,True,stage1,0,7,False
1.315051,0.675048,1.990099,6.281081,2.821312,5.565632,0.092492,1024,8388608,8388766,8388943,2.638572,3.814963,36.200307,2.234617,1.384675,46.273302,1.003655,11.816886,14.895141,26.712027,3.575533,True,stage1,0,8,False
1.324912,0.679335,2.004247,6.281242,2.902235,5.581782,0.08961,1024,8388608,8388766,8388942,2.637266,3.787612,36.29831,1.206215,1.332311,45.26188,1.000555,11.827415,14.892265,26.71968,3.5775349999999997,True,stage1,0,9,False
1.347058,0.671376,2.018434,6.389292,2.78636,5.606353,0.085146,1024,8388608,8388766,8388942,2.646216,3.771814,36.302882,1.249311,1.340419,45.310795,1.009646,11.928192,14.882329,26.810521,3.5879190000000003,True,stage1,0,10,False
2.316085,1.129448,3.445533,12.262301,2.207427,10.480117,0.09966,2048,16777216,16777374,16777552,8.730078,7.609095,57.575206,2.185309,2.398871,78.498713,2.091279,17.81372,24.876649,42.690369000000004,7.034584,True,stage1,0,3,False
2.344635,1.142924,3.487559,12.547412,2.30613,10.51469,0.099904,2048,16777216,16777374,16777551,8.75173,7.582371,53.040053,3.191056,2.246885,74.81222,2.117649,18.121735,19.874181,37.995916,7.027131,True,stage1,0,4,False
2.340478,1.122786,3.463264,12.23749,2.230961,10.495476,0.094829,2048,16777216,16777374,16777552,1.986055,2.350241,52.596219,2.421055,2.361327,61.715123,2.060298,17.823293,19.885746,37.709039000000004,7.0322119999999995,True,stage1,0,5,False
2.358233,1.147609,3.505842,12.233986,2.175803,10.5155,0.092883,2048,16777216,16777374,16777551,1.309982,2.409586,52.455049,2.192111,2.348204,60.715089,2.111514,17.808854,19.744285,37.553139,7.009658,True,stage1,0,6,False
2.355031,1.144454,3.499485,12.216905,2.179232,10.535599,0.089431,2048,16777216,16777374,16777553,1.321669,2.405571,52.492274,2.21706,2.376335,60.813072,2.140331,17.803387,19.7386,37.541987000000006,7.0361139999999995,True,stage1,0,7,False
2.375236,1.160835,3.536071,12.251745,2.204154,10.578059,0.101966,2048,16777216,16777374,16777553,1.314056,2.403653,52.711536,2.460315,2.368106,61.257827,2.129827,17.809826,19.881469,37.691295,7.041988,True,stage1,0,8,False
2.376222,1.163157,3.539379,12.228994,2.179129,10.568381,0.096054,2048,16777216,16777374,16777553,1.306981,2.424067,52.505436,2.199232,2.361078,60.796954,2.151054,17.820608,19.684892,37.5055,7.029002,True,stage1,0,9,False
2.387639,1.131596,3.519235,12.220342,2.174078,10.557739,0.102735,2048,16777216,16777374,16777553,1.584182,2.373734,52.477255,2.222955,2.411038,61.069267,2.131108,17.804455,19.701475,37.50593,7.038504,True,stage1,0,10,False
4.579688,2.068893,6.648581,30.406651,13.568663,27.602697,0.157892,4096,33554432,33554592,33554772,2.381297,15.079926,140.492019,5.210468,4.721245,167.885106,15.114197,36.03629,48.004195,84.040485,20.954116,True,stage1,0,3,False
4.643832,2.056289,6.700121,27.027255,9.435084,20.350691,0.093845,4096,33554432,33554592,33554771,2.521075,15.274894,125.851853,4.645595,4.698403,152.991994,15.025094,32.725245,48.216856,80.94210100000001,13.650570000000002,True,stage1,0,4,False
4.658862,2.080421,6.739283,27.16945,9.492973,20.432078,0.093618,4096,33554432,33554592,33554770,2.513867,15.278939,126.0737,4.577996,4.605376,153.050024,15.133991,32.776481,48.139577,80.91605799999999,13.692795,True,stage1,0,5,False
4.650884,2.043969,6.694853,27.158623,9.390535,20.371364,0.096417,4096,33554432,33554592,33554771,2.395188,16.55047,126.2545,4.561777,4.628657,154.390859,15.145558,32.79738,48.447624,81.245004,13.676511,True,stage1,0,6,False
4.632869,2.069325,6.702194,27.088144,9.400086,20.39689,0.094765,4096,33554432,33554592,33554770,2.367427,15.099596,125.864812,4.561097,4.598226,152.491322,15.118703,32.713777,48.135051,80.848828,13.694695999999999,True,stage1,0,7,False
4.566877,2.08238,6.649257,27.215649,9.323615,20.279545,0.095484,4096,33554432,33554592,33554770,2.434096,15.098778,125.784341,4.690132,4.782809,152.790565,15.061297,33.094022,47.924456,81.018478,13.630287999999998,True,stage1,0,8,False
4.641101,2.062731,6.703832,27.107496,9.429036,20.367239,0.09406,4096,33554432,33554592,33554770,2.506425,15.277393,126.088711,4.667982,4.718082,153.258735,15.214684,32.723203,48.254981,80.978184,13.663407000000001,True,stage1,0,9,False
4.669145,2.07407,6.743215,27.17727,9.382145,20.407664,0.100514,4096,33554432,33554592,33554769,2.501864,15.273752,128.552915,4.635265,4.727573,155.691639,15.120583,32.795913,50.740633,83.536546,13.664449000000001,True,stage1,0,10,False
8.87849,19.221384,28.099874,67.120341,11.815663,52.917166,0.089153,8192,67108864,67109024,67109205,19.420593,33.568561,266.372147,12.897512,9.254356,341.513323,33.6748,72.747679,95.121687,167.869366,24.817292000000002,True,stage1,0,3,False
8.963054,19.19046,28.153514,72.636823,11.882581,52.932968,0.088919,8192,67108864,67109024,67109205,19.363284,33.429915,272.610176,12.800972,9.242123,347.446657,33.785938,78.263081,95.650906,173.91398700000002,24.779454,True,stage1,0,4,False
8.843395,19.185086,28.028481,71.387605,11.884373,53.281237,0.109105,8192,67108864,67109024,67109206,19.577767,34.080031,285.481503,5.79637,9.332761,354.268656,33.689857,77.053451,109.457684,186.511135,25.252755999999998,True,stage1,0,5,False
8.906591,19.168037,28.074628,67.046666,11.805036,52.970551,0.085893,8192,67108864,67109024,67109206,4.80463,5.609066,246.035219,5.89006,9.662831,272.001988,33.673809,72.744406,74.750395,147.494801,24.895923,True,stage1,0,6,False
8.83933,19.174686,28.014016,71.978413,11.765766,52.761531,0.088621,8192,67108864,67109024,67109205,5.086215,6.218697,271.416627,5.826181,9.67665,298.224511,33.666485,77.737942,95.390814,173.128756,24.747514999999996,True,stage1,0,7,False
10.263584,19.194245,29.457829,68.200218,11.806914,54.330489,0.08759,8192,67108864,67109024,67109206,4.81615,5.6064,268.907151,18.594104,8.844356,306.768378,33.68578,73.799822,95.190597,168.990419,24.87266,True,stage1,0,8,False
8.892242,19.164506,28.056748,71.954035,11.79335,52.895568,0.08675,8192,67108864,67109024,67109204,4.548983,33.395833,271.20211,18.706411,8.857573,336.711134,33.73748,77.584759,95.098513,172.683272,24.83882,True,stage1,0,9,False
8.890373,19.182305,28.072678,67.041599,11.806079,52.921804,0.092342,8192,67108864,67109024,67109206,4.599933,33.308537,266.302832,18.747032,8.824791,331.783404,33.780021,72.651681,95.045185,167.696866,24.849126000000002,True,stage1,0,10,False
17.421899,68.395735,85.817634,185.106117,38.930237,150.380049,0.116494,16384,134217728,134217891,134218075,67.871085,66.559822,646.784057,39.690744,17.953707,838.859657,67.305823,190.832478,199.212218,390.04469600000004,64.56241500000002,True,stage1,0,3,False
17.369324,68.567477,85.936801,164.823648,39.228193,150.449983,0.180625,16384,134217728,134217891,134218075,67.817699,66.812194,627.160407,38.929679,18.240051,818.960335,67.406202,170.472579,199.416618,369.88919699999997,64.513182,True,stage1,0,4,False
17.308226,69.769046,87.077272,191.919058,39.026564,151.566505,0.11142,16384,134217728,134217891,134218074,67.828074,66.54414,655.11244,38.904123,17.987621,846.376731,67.492545,197.976712,198.932599,396.909311,64.48923300000001,True,stage1,0,5,False
17.446556,68.384442,85.830998,193.912835,38.835131,150.254716,0.100923,16384,134217728,134217891,134218075,68.427763,68.010479,655.384027,39.040343,18.235839,849.098837,67.378072,199.697624,199.111321,398.808945,64.42371800000001,True,stage1,0,6,False
17.352927,68.447305,85.800232,191.561863,39.037765,150.366578,0.109807,16384,134217728,134217891,134218075,69.555857,67.121736,652.970133,39.046745,18.06173,846.756443,67.259048,197.312072,198.879022,396.191094,64.56634600000001,True,stage1,0,7,False
17.257544,68.431101,85.688645,193.252378,38.94874,150.137651,0.09857,16384,134217728,134217891,134218073,67.939695,66.678083,654.96841,39.253449,18.281974,847.121818,67.613811,199.193154,198.970132,398.16328599999997,64.44900600000001,True,stage1,0,8,False
17.37727,68.273479,85.650749,193.466033,39.803532,150.617509,0.313708,16384,134217728,134217891,134218074,67.866972,66.625002,656.508602,39.069594,18.014774,848.08526,67.361127,199.360436,199.044825,398.405261,64.96676000000001,True,stage1,0,9,False
17.618173,68.726696,86.344869,196.359489,39.32356,150.849717,0.100185,16384,134217728,134217891,134218074,67.912645,66.52274,659.613484,38.771605,18.27816,851.098997,67.785674,202.472414,199.075954,401.548368,64.504848,True,stage1,0,10,False
4.592099,2.057416,6.649515,42.803034,4.111144,20.189215,0.088144,4096,33554432,33554592,33554771,2.545,15.323701,135.891828,4.654106,4.707575,163.122384,15.00768,48.634278,47.856719,96.490997,13.5397,True,stage1,1,3,False
4.559806,2.048828,6.608634,42.742025,4.110351,20.135873,0.085981,4096,33554432,33554592,33554771,2.577305,15.393404,135.774433,4.601776,4.70811,163.05531,15.015114,48.534535,47.887478,96.42201299999999,13.527239,True,stage1,1,4,False
4.558398,2.049296,6.607694,42.768023,4.130442,20.192625,0.088926,4096,33554432,33554592,33554771,2.550374,15.337265,135.880165,4.581943,4.676506,163.026489,14.988948,48.593379,47.881133,96.474512,13.584931,True,stage1,1,5,False
4.564815,2.066554,6.631369,42.647512,4.146997,20.214135,0.098271,4096,33554432,33554592,33554771,2.564874,15.439969,248.463704,8.209762,4.654736,279.333208,15.101825,48.441118,160.455715,208.89683300000002,13.582766,True,stage1,1,6,False
4.581391,2.031987,6.613378,46.201141,4.136528,20.20736,0.092764,4096,33554432,33554592,33554770,2.740633,12.009614,136.294276,4.615652,4.748682,160.409153,15.001027,52.038596,44.812121,96.850717,13.593982,True,stage1,1,7,False
4.567114,2.07191,6.639024,42.49963,3.926394,20.210443,0.089339,4096,33554432,33554592,33554769,2.49568,12.005319,132.405188,4.582378,4.760968,156.249657,15.092345,48.282896,44.798977,93.081873,13.571419000000002,True,stage1,1,8,False
4.68766,2.056144,6.743804,26.232178,9.655493,20.353545,0.099583,4096,33554432,33554592,33554770,2.486489,11.904932,124.806447,8.179514,4.711928,152.089541,15.004878,31.863904,47.823637,79.687541,13.609741,True,stage1,1,9,False
4.604889,2.055914,6.660803,27.49963,9.461472,20.155513,0.090438,4096,33554432,33554592,33554770,2.507153,15.293804,126.508694,4.579159,4.688088,153.577078,15.110197,33.120495,48.565395,81.68589,13.49471,True,stage1,1,10,False
0.384347,0.155004,0.539351,0.386199,0.133555,1.053187,0.054831,128,1048576,1048729,1048907,0.187553,0.14809,13.09353,0.167728,0.426211,14.023264,0.119898,5.770269,5.958799,11.729068,0.5138360000000001,True,stage1,1,3,False
0.370974,0.151516,0.52249,0.359025,0.115425,0.992224,0.051983,128,1048576,1048729,1048906,0.214914,0.161018,12.92808,0.163146,0.398424,13.865711,0.112402,5.73668,5.916368,11.653048,0.469734,True,stage1,1,4,False
0.331437,0.160897,0.492334,0.355968,0.1107,0.945623,0.046738,128,1048576,1048729,1048905,0.19251,0.160186,12.823324,0.151578,0.390689,13.718398,0.100721,5.716019,5.900764,11.616783,0.453289,True,stage1,1,5,False
0.335174,0.159531,0.494705,0.368435,0.109518,0.958301,0.048291,128,1048576,1048729,1048907,0.187157,0.159192,12.888084,0.150491,0.371309,13.756352,0.101099,5.738589,5.929504,11.668092999999999,0.46359599999999995,True,stage1,1,6,False
0.343953,0.163805,0.507758,0.351926,0.103435,0.94815,0.055675,128,1048576,1048729,1048906,0.185786,0.157961,12.803292,0.162162,0.376053,13.68543,0.100677,5.702776,5.881587,11.584363,0.440392,True,stage1,1,7,False
0.329199,0.170443,0.499642,0.354434,0.112185,0.940737,0.046284,128,1048576,1048729,1048907,0.208236,0.177351,12.796184,0.131401,0.366004,13.679304,0.099433,5.704983,5.890195,11.595178,0.44109500000000007,True,stage1,1,8,False
0.323313,0.161859,0.485172,0.354248,0.110676,0.917903,0.046412,128,1048576,1048729,1048907,0.191858,0.177033,12.785562,0.139463,0.360088,13.654149,0.098322,5.709947,5.892452,11.602398999999998,0.43273100000000003,True,stage1,1,9,False
0.322327,0.175265,0.497592,0.361676,0.1112,0.93894,0.047166,128,1048576,1048729,1048904,0.186612,0.176561,12.811477,0.129608,0.36572,13.670129,0.098005,5.721132,5.89231,11.613442,0.441348,True,stage1,1,10,False
0.478853,0.270391,0.749244,0.659968,0.198273,1.499736,0.050113,256,2097152,2097307,2097485,0.303148,0.324708,14.445733,0.252729,0.525144,15.851589,0.186118,6.051362,6.457535,12.508897000000001,0.7504919999999999,True,stage1,1,3,False
0.478411,0.324178,0.802589,0.661625,0.20882,1.554672,0.049352,256,2097152,2097307,2097484,0.301199,0.325221,14.478543,0.250354,0.525593,15.881074,0.18417,6.059416,6.419207,12.478622999999999,0.7520830000000001,True,stage1,1,4,False
0.477785,0.272689,0.750474,0.6691,0.205656,1.500832,0.053178,256,2097152,2097307,2097483,0.304259,0.327888,14.386961,0.24172,0.520048,15.78101,0.175532,6.056457,6.392618,12.449075,0.750358,True,stage1,1,5,False
0.472341,0.320254,0.792595,0.65477,0.207147,1.541822,0.05003,256,2097152,2097307,2097483,0.299354,0.325262,14.492053,0.245596,0.518984,15.881373,0.180065,6.063908,6.446484,12.510392,0.749227,True,stage1,1,6,False
0.488854,0.252071,0.740925,4.374513,0.223156,1.511454,0.053939,256,2097152,2097307,2097485,0.299668,0.322376,18.192822,0.292364,0.557369,19.664777,0.189597,9.777321,6.434637,16.211958000000003,0.7705290000000001,True,stage1,1,7,False
0.492893,0.253584,0.746477,0.679254,0.186724,1.488409,0.050196,256,2097152,2097307,2097485,0.386097,0.321186,14.452318,0.293854,0.541363,15.994995,0.181082,6.082758,6.460574,12.543332,0.7419320000000001,True,stage1,1,8,False
0.47303,0.275377,0.748407,0.655942,0.19692,1.489933,0.04892,256,2097152,2097307,2097482,0.342955,0.28416,14.376709,0.306724,0.548743,15.859404,0.181305,6.045808,6.411131,12.456939,0.7415259999999999,True,stage1,1,9,False
0.467943,0.27758,0.745523,0.650386,0.210744,1.494049,0.052084,256,2097152,2097307,2097484,0.29731,0.285479,14.435384,0.287041,0.541581,15.846908,0.194553,6.063403,6.417939,12.481342,0.7485259999999999,True,stage1,1,10,False
2.261718,1.118212,3.37993,12.233717,2.425728,10.291442,0.096375,2048,16777216,16777374,16777552,1.260793,2.005752,52.316653,2.152637,2.313831,60.049862,2.023529,17.812869,19.662194,37.475063,6.911512,True,stage1,1,3,False
2.283648,1.156279,3.439927,12.234137,2.400157,10.382553,0.099119,2048,16777216,16777374,16777553,1.274878,1.97231,52.623531,2.415959,2.485909,60.772752,2.079394,17.810566,19.847242,37.657808,6.942626,True,stage1,1,4,False
2.260917,1.869363,4.13028,12.23603,2.37903,11.169137,0.097766,2048,16777216,16777374,16777550,1.257741,1.987574,53.305699,2.290051,2.468379,61.309636,2.051626,17.824568,19.779051,37.603618999999995,7.038856999999999,True,stage1,1,5,False
2.288159,1.136431,3.42459,12.143868,2.40717,10.334659,0.092,2048,16777216,16777374,16777548,1.359947,2.128366,52.747883,2.531974,2.452547,61.220902,2.07456,17.830881,20.003975,37.834856,6.910069,True,stage1,1,6,False
2.219907,1.173723,3.39363,12.199982,2.260586,10.374055,0.091053,2048,16777216,16777374,16777552,1.674674,2.115065,57.945539,5.152755,2.389491,69.277707,2.071206,17.804146,25.339831,43.143977,6.980425,True,stage1,1,7,False
2.266799,1.158413,3.425212,12.234172,2.432151,10.473647,0.106926,2048,16777216,16777374,16777553,1.383769,1.797256,58.282309,5.101911,2.375904,68.941465,2.062268,17.823588,25.37884,43.202428,7.048435,True,stage1,1,8,False
2.247387,1.129451,3.376838,12.256181,2.420556,10.312207,0.100023,2048,16777216,16777374,16777553,1.341478,1.803671,58.073584,5.126655,2.370103,68.715644,2.079085,17.832034,25.324487,43.156521,6.9353690000000014,True,stage1,1,9,False
2.32053,1.131245,3.451775,12.130361,2.459067,10.416016,0.091937,2048,16777216,16777374,16777552,1.358593,1.814777,58.218175,5.30169,2.394138,69.08776,2.028744,17.831598,25.386059,43.217657,6.964241000000001,True,stage1,1,10,False
0.194124,0.04157,0.235694,0.031689,0.035664,0.397427,0.039846,1,8192,8335,8514,0.077165,0.032269,11.250777,0.04119,0.321645,11.723155,0.025944,5.38997,5.360156,10.750126,0.161733,True,stage1,1,3,False
0.196925,0.040882,0.237807,0.031741,0.036547,0.393313,0.040267,1,8192,8335,8515,0.070152,0.033991,11.249801,0.036864,0.222278,11.613193,0.024706,5.398653,5.354672,10.753325,0.15550600000000003,True,stage1,1,4,False
0.185078,0.040413,0.225491,0.032509,0.035796,0.381906,0.039797,1,8192,8335,8515,0.063696,0.033698,11.236655,0.034918,0.215388,11.584488,0.02536,5.400117,5.352064,10.752181,0.15641500000000003,True,stage1,1,5,False
0.170155,0.070815,0.24097,0.031195,0.035037,0.395074,0.038927,1,8192,8335,8514,0.065604,0.033215,11.242263,0.038604,0.226488,11.606287,0.02451,5.386136,5.361001,10.747136999999999,0.154104,True,stage1,1,6,False
0.172716,0.049125,0.221841,0.031642,0.036343,0.376195,0.038158,1,8192,8335,8515,0.063836,0.032995,11.221881,0.035031,0.217261,11.571145,0.024053,5.390184,5.355417,10.745601,0.154354,True,stage1,1,7,False
0.188076,0.040251,0.228327,3.049112,0.03976,0.38204,0.041071,1,8192,8335,8513,0.064258,0.033008,14.261617,0.036466,0.221307,14.616748,0.023998,8.41658,5.356549,13.773129,0.153713,True,stage1,1,8,False
0.240486,0.046274,0.28676,0.032259,0.036811,0.482439,0.038959,1,8192,8335,8514,0.065768,0.0329,11.340376,0.035432,0.214519,11.689092,0.023661,5.397024,5.360025,10.757049,0.195679,True,stage1,1,9,False
0.230017,0.043201,0.273218,0.031261,0.035613,0.452836,0.039471,1,8192,8335,8515,0.066717,0.032353,11.299262,0.037487,0.218211,11.654127,0.023922,5.387128,5.358765,10.745892999999999,0.179618,True,stage1,1,10,False
0.751064,0.406331,1.157395,1.812462,0.49715,2.771949,0.066388,512,4194304,4194459,4194636,0.552791,0.571528,19.051605,0.575571,0.827349,21.578971,0.405304,7.348318,7.959919,15.308237,1.6145540000000003,True,stage1,1,3,False
0.742081,0.38544,1.127521,1.845589,0.498755,2.741624,0.069288,512,4194304,4194459,4194636,0.463465,0.51685,19.136025,0.570722,0.847051,21.534263,0.444419,7.400364,7.979141,15.379505,1.6141029999999998,True,stage1,1,4,False
0.746134,0.381284,1.127418,1.805636,0.500965,2.722937,0.066262,512,4194304,4194459,4194637,0.465082,0.487198,18.975161,0.5799,0.83104,21.338517,0.405797,7.354481,7.922001,15.276482,1.595519,True,stage1,1,5,False
0.757706,0.396787,1.154493,1.808656,0.494043,2.762454,0.067435,512,4194304,4194459,4194637,0.465334,0.505045,19.049673,0.576266,0.8249,21.421365,0.435693,7.358576,7.928801,15.287377,1.607961,True,stage1,1,6,False
0.728396,0.381002,1.109398,1.853763,0.505835,2.711769,0.069164,512,4194304,4194459,4194637,0.469881,0.499867,19.040018,0.57993,0.842189,21.431989,0.423169,7.400555,7.926655,15.327210000000001,1.6023709999999998,True,stage1,1,7,False
0.744057,0.382437,1.126494,1.837645,0.497905,2.762281,0.064342,512,4194304,4194459,4194637,0.454406,0.498446,19.111687,0.592409,0.823252,21.480346,0.414217,7.391923,7.977693,15.369616,1.635787,True,stage1,1,8,False
0.746368,0.396068,1.142436,1.820365,0.503409,2.758872,0.065457,512,4194304,4194459,4194637,0.46977,0.503662,19.089353,0.578233,0.841818,21.482963,0.421044,7.364984,7.97292,15.337904,1.6164360000000002,True,stage1,1,9,False
0.757171,0.382727,1.139898,1.80903,0.490193,2.742903,0.067986,512,4194304,4194459,4194636,0.471119,0.504746,18.778645,0.567811,0.835019,21.157482,0.422991,7.363248,7.687977,15.051224999999999,1.603005,True,stage1,1,10,False
0.276246,0.093524,0.36977,0.222178,0.071976,0.681314,0.047055,64,524288,524438,524616,0.131624,0.10334,12.151669,0.075185,0.301937,12.763864,0.057796,5.618665,5.672736,11.291401,0.311544,True,stage1,1,3,False
0.271905,0.094268,0.366173,0.232395,0.072391,0.688574,0.044812,64,524288,524438,524617,0.130812,0.103968,12.165797,0.071505,0.296902,12.769112,0.056887,5.625319,5.67578,11.301099,0.322401,True,stage1,1,4,False
0.27285,0.091863,0.364713,0.223683,0.067967,0.671739,0.045034,64,524288,524438,524616,0.129703,0.102996,12.102793,0.079083,0.298203,12.712921,0.05545,5.611113,5.649527,11.260639999999999,0.30702599999999997,True,stage1,1,5,False
0.278364,0.095394,0.373758,0.233883,0.068479,0.680629,0.046451,64,524288,524438,524617,0.128809,0.102996,12.122652,0.078573,0.28396,12.717098,0.055111,5.617278,5.652772,11.27005,0.30687100000000006,True,stage1,1,6,False
0.268329,0.096582,0.364911,0.224394,0.068708,0.672888,0.045207,64,524288,524438,524617,0.128834,0.092185,12.117687,0.07828,0.297627,12.714785,0.055282,5.615559,5.65791,11.273469,0.30797700000000006,True,stage1,1,7,False
0.27556,0.095539,0.371099,0.204969,0.087378,0.72068,0.055645,64,524288,524438,524615,0.128211,0.102866,12.129161,0.081283,0.289282,12.730925,0.066001,5.551098,5.645479,11.196577,0.349581,True,stage1,1,8,False
0.267252,0.093001,0.360253,0.200292,0.07873,0.713787,0.049367,64,524288,524438,524616,0.128076,0.101611,12.326885,0.072458,0.314055,12.943208,0.066507,5.548669,5.867236,11.415905,0.35353399999999996,True,stage1,1,9,False
0.276896,0.097253,0.374149,0.200568,0.08538,0.723704,0.045887,64,524288,524438,524616,0.126324,0.092648,12.116396,0.069418,0.2844,12.689279,0.065534,5.549425,5.64381,11.193235000000001,0.349555,True,stage1,1,10,False
0.212645,0.04561,0.258255,0.034839,0.033489,0.486915,0.036448,4,32768,32913,33092,0.066228,0.041878,11.318758,0.038414,0.218677,11.684048,0.033516,5.363825,5.362158,10.725983,0.22865999999999997,True,stage1,1,3,False
0.223049,0.046105,0.269154,0.034986,0.032611,0.491999,0.03906,4,32768,32913,33092,0.0661,0.040489,11.316167,0.036942,0.209793,11.669591,0.032489,5.368023,5.349802,10.717825000000001,0.22284500000000002,True,stage1,1,4,False
0.209594,0.045211,0.254805,0.034706,0.031621,0.487519,0.036546,4,32768,32913,33093,0.065975,0.042728,11.307489,0.036869,0.215709,11.668885,0.033477,5.364812,5.351214,10.716026,0.23271399999999998,True,stage1,1,5,False
0.230523,0.049179,0.279702,0.03407,0.032146,0.508019,0.035856,4,32768,32913,33092,0.067328,0.04076,11.343934,0.037978,0.22145,11.711556,0.033146,5.369548,5.362897,10.732445,0.228317,True,stage1,1,6,False
0.21133,0.044965,0.256295,0.033035,0.033506,0.480947,0.040191,4,32768,32913,33092,0.06878,0.041638,11.291001,0.036275,0.213388,11.65118,0.031802,5.356765,5.345596,10.702361,0.22465200000000002,True,stage1,1,7,False
0.222162,0.046814,0.268976,0.037138,0.035387,0.497521,0.040961,4,32768,32913,33093,0.067594,0.041356,11.347735,0.036654,0.2267,11.720145,0.042806,5.376485,5.352211,10.728696,0.228545,True,stage1,1,8,False
0.213825,0.044964,0.258789,0.034481,0.033486,0.479853,0.042478,4,32768,32913,33093,0.06479,0.040902,11.302145,0.037647,0.221103,11.666673,0.032929,5.35476,5.356346,10.711106000000001,0.22106399999999998,True,stage1,1,9,False
0.220131,0.046384,0.266515,0.036984,0.034829,0.494321,0.045255,4,32768,32913,33093,0.066949,0.042595,11.343934,0.035996,0.217079,11.706648,0.046345,5.374363,5.346396,10.720759000000001,0.227806,True,stage1,1,10,False
1.264645,0.678818,1.943463,5.257697,1.18199,5.545011,0.079926,1024,8388608,8388766,8388942,0.78761,0.931036,30.331901,1.25509,1.489266,34.795033,0.96895,10.778296,11.773805,22.552101,3.6015479999999997,True,stage1,1,3,False
1.260164,0.64023,1.900394,5.245191,1.168782,5.515898,0.097903,1024,8388608,8388766,8388942,0.771343,0.933987,30.353475,1.226776,1.472768,34.758529,1.026659,10.788332,11.751487,22.539819,3.615504,True,stage1,1,4,False
1.251681,0.655282,1.906963,5.240132,1.183535,5.516629,0.089619,1024,8388608,8388766,8388943,0.761687,0.931571,30.27033,2.274111,1.472855,35.710715,0.967409,10.768697,11.740536,22.509233000000002,3.609666,True,stage1,1,5,False
1.255469,0.643194,1.898663,5.254849,1.194905,5.48915,0.088545,1024,8388608,8388766,8388942,0.77267,1.086743,30.275634,1.277493,1.503114,34.915789,0.977012,10.780501,11.74151,22.522011,3.5904870000000004,True,stage1,1,6,False
1.250196,0.665768,1.915964,5.246991,1.185595,5.509203,0.089278,1024,8388608,8388766,8388943,0.775458,1.095766,30.322872,1.242809,1.518092,34.955157,0.967621,10.784803,11.782459,22.567262,3.5932390000000005,True,stage1,1,7,False
1.256081,0.653497,1.909578,5.23803,1.202472,5.505634,0.091292,1024,8388608,8388766,8388942,0.78089,1.092815,30.281173,1.236773,1.498426,34.890277,0.975133,10.767145,11.735307,22.502451999999998,3.596056,True,stage1,1,8,False
1.263659,0.646123,1.909782,5.251144,1.171147,5.513896,0.088303,1024,8388608,8388766,8388943,0.77286,1.088885,30.328491,1.25484,1.51226,34.957511,0.98434,10.794974,11.771791,22.566765,3.604114,True,stage1,1,9,False
1.231808,0.66067,1.892478,5.253683,1.190361,5.491791,0.091949,1024,8388608,8388766,8388942,0.783126,1.102072,32.735463,1.349374,1.389963,37.360184,0.961052,10.790227,14.198199,24.988426,3.599313,True,stage1,1,10,False
17.110093,67.465502,84.575595,150.099197,38.720396,149.186353,0.10488,16384,134217728,134217891,134218074,9.331358,66.878727,610.586539,10.986978,17.805568,715.589471,67.57247,156.024506,198.97214,354.996646,64.61075799999999,True,stage1,1,3,False
17.084005,67.442008,84.526013,140.08299,38.403343,149.149035,0.10155,16384,134217728,134217891,134218073,12.730196,67.188803,600.159591,11.089581,18.341737,709.510116,67.266849,145.890285,199.342483,345.23276799999996,64.62302199999999,True,stage1,1,4,False
17.21381,69.165637,86.379447,152.309673,38.701518,150.967336,0.104203,16384,134217728,134217891,134218074,9.271634,67.278156,614.554625,11.01754,17.826886,719.949203,67.241713,157.967424,199.564649,357.53207299999997,64.58788899999999,True,stage1,1,5,False
17.236056,67.829506,85.065562,144.313393,39.276753,149.709689,0.106226,16384,134217728,134217891,134218075,9.321489,66.937765,605.639645,11.078562,18.080983,711.058735,67.068918,150.211256,199.261067,349.47232299999996,64.644127,True,stage1,1,6,False
17.304483,67.494206,84.798689,152.15691,39.327969,149.496654,0.105132,16384,134217728,134217891,134218074,8.955866,67.219351,614.212786,10.986047,17.837132,719.211484,67.954309,157.964973,199.357843,357.322816,64.69796500000001,True,stage1,1,7,False
17.260872,67.552886,84.813758,140.262504,38.909662,149.421504,0.105428,16384,134217728,134217891,134218075,9.282309,67.437574,600.583096,10.985928,17.7338,706.02291,67.496629,145.963558,198.68066,344.644218,64.60774599999999,True,stage1,1,8,False
17.163585,67.487802,84.651387,151.247271,39.295778,149.269978,0.104912,16384,134217728,134217891,134218075,8.853639,66.579992,611.935059,10.984948,17.580205,715.93433,67.548921,156.898354,198.811164,355.709518,64.61859100000001,True,stage1,1,9,False
17.128028,67.414199,84.542227,139.435835,38.459442,149.02316,0.104787,16384,134217728,134217891,134218074,8.869922,66.471436,598.23755,11.008846,17.674779,702.26275,67.317156,145.07183,198.25404,343.32587,64.480933,True,stage1,1,10,False
0.234516,0.056067,0.290583,0.069569,0.039758,0.531225,0.051429,16,131072,131220,131399,0.077262,0.047829,11.49644,0.040357,0.261884,11.923876,0.038211,5.415536,5.417931,10.833467,0.24064199999999997,True,stage1,1,3,False
0.25445,0.057174,0.311624,0.066103,0.038506,0.549459,0.04891,16,131072,131220,131397,0.073868,0.047981,11.496087,0.039966,0.252811,11.91081,0.037493,5.410433,5.408855,10.819288,0.23783500000000002,True,stage1,1,4,False
0.237951,0.054806,0.292757,0.065494,0.03862,0.526065,0.053224,16,131072,131220,131398,0.077836,0.044007,11.48266,0.039487,0.258427,11.902528,0.036991,5.417554,5.407843,10.825396999999999,0.23330800000000002,True,stage1,1,5,False
0.248977,0.055074,0.304051,0.063992,0.037904,0.537938,0.046374,16,131072,131220,131399,0.076792,0.048249,11.472392,0.0396,0.265244,11.902372,0.036204,5.401256,5.410452,10.811708,0.233887,True,stage1,1,6,False
0.232761,0.055273,0.288034,0.063794,0.039563,0.527713,0.047786,16,131072,131220,131399,0.08193,0.049456,11.44843,0.039517,0.256792,11.876209,0.038171,5.390924,5.402025,10.792949,0.23967899999999998,True,stage1,1,7,False
0.244333,0.055069,0.299402,0.063157,0.038504,0.536478,0.046099,16,131072,131220,131399,0.076833,0.046789,11.479515,0.040283,0.25378,11.897299,0.037811,5.39306,5.425355,10.818415,0.237076,True,stage1,1,8,False
0.257065,0.054442,0.311507,0.062879,0.041705,0.544758,0.046684,16,131072,131220,131399,0.079801,0.046903,11.461799,0.03959,0.256597,11.884782,0.03702,5.3941,5.395331,10.789431,0.233251,True,stage1,1,9,False
0.249657,0.054776,0.304433,0.063821,0.039907,0.544211,0.047535,16,131072,131220,131399,0.077664,0.047488,11.487611,0.044042,0.266766,11.923663,0.038008,5.398845,5.416718,10.815563000000001,0.239778,True,stage1,1,10,False
8.70602,18.834007,27.540027,74.390679,12.327929,52.844533,0.092199,8192,67108864,67109024,67109205,4.555221,33.31325,274.268244,12.073452,8.878871,333.08933,33.775694,79.995582,95.227342,175.22292399999998,25.304506,True,stage1,1,3,False
8.780986,18.949051,27.730037,68.971267,12.272036,52.396635,0.0931,8192,67108864,67109024,67109204,4.563844,33.332916,268.425616,12.092107,8.900283,327.314976,33.760954,74.599168,95.297606,169.896774,24.666598000000004,True,stage1,1,4,False
8.764362,20.124631,28.888993,74.479827,12.342955,54.13144,0.091834,8192,67108864,67109024,67109205,4.572937,33.42053,275.241643,11.887452,8.837005,333.959773,33.811297,80.104767,94.754114,174.858881,25.242447,True,stage1,1,5,False
8.795486,18.853053,27.648539,69.345363,12.249638,52.514813,0.090834,8192,67108864,67109024,67109206,4.403118,33.033759,268.494791,11.799653,8.78305,326.514508,33.764144,74.982256,94.888177,169.870433,24.866273999999997,True,stage1,1,6,False
8.695298,18.888733,27.584031,74.327182,12.314967,52.797541,0.089396,8192,67108864,67109024,67109206,4.441832,33.058984,274.116629,11.872255,8.803761,332.293611,33.875066,79.945592,95.088743,175.034335,25.213510000000003,True,stage1,1,7,False
8.747944,18.850857,27.598801,68.906933,12.347892,52.399666,0.092611,8192,67108864,67109024,67109206,4.4037,33.061395,268.250732,11.912028,8.832098,326.460166,33.876024,74.52449,95.004017,169.528507,24.800865,True,stage1,1,8,False
8.752148,18.880919,27.633067,75.222075,12.345637,52.816194,0.091203,8192,67108864,67109024,67109206,4.408092,33.073531,275.489936,12.055354,8.888569,333.915857,34.042871,80.845671,95.343093,176.188764,25.183127000000002,True,stage1,1,9,False
8.743919,18.853467,27.597386,68.574191,12.337325,52.376324,0.093927,8192,67108864,67109024,67109206,4.56835,33.429441,268.178941,12.062399,8.920838,327.160253,33.830438,74.185325,95.350788,169.536113,24.778937999999997,True,stage1,1,10,False
