Time (%),Total Time (ns),Instances,Avg (ns),Med (ns),Min (ns),Max (ns),StdDev (ns),Name
26.6,7112599202,126920,56040.0,10464.0,7584,4531410,117953.7,ncclDevKernel_AllReduce_Sum_f16_RING_LL(ncclDevKernelArgsStorage<(unsigned long)4096>)
21.0,5610646160,59760,93886.3,93920.0,92928,96480,466.8,void cutlass::Kernel2<cutlass_80_wmma_tensorop_f16_s161616gemm_f16_16x16_128x1_tn_align8>(T1::Params)
8.0,2137104710,3360,636043.1,635935.0,633890,653151,1201.1,void cutlass::Kernel2<cutlass_80_tensorop_f16_s16816gemm_relu_f16_64x64_64x6_tn_align8>(T1::Params)
7.8,2091314406,3320,629914.0,629859.0,628130,632639,572.6,ampere_fp16_s16816gemm_fp16_64x64_ldg8_f2f_stages_64x5_tn
6.4,1719965031,29880,57562.4,57567.0,56960,61855,182.9,ampere_fp16_s16816gemm_fp16_128x64_ldg8_f2f_stages_64x3_tn
6.2,1656694512,29880,55444.9,55424.0,54848,59616,251.1,void cutlass::Kernel2<cutlass_80_wmma_tensorop_f16_s161616gemm_f16_16x16_128x2_tn_align8>(T1::Params)
3.4,918286006,59760,15366.2,14656.0,7840,46016,8239.6,"void flash::flash_fwd_splitkv_kernel<Flash_fwd_kernel_traits<(int)128, (int)64, (int)128, (int)4, (bool)0, (bool)0, cutlass::half_t, Flash_kernel_traits<(int)128, (int)64, (int)128, (int)4, cutlass::half_t>>, (bool)0, (bool)0, (bool)0, (bool)0, (bool)1, (bool)0, (bool)1, (bool)0>(flash::Flash_fwd_params)"
2.0,539374979,13360,40372.4,7872.0,4992,4563634,134408.6,ncclDevKernel_Broadcast_RING_LL(ncclDevKernelArgsStorage<(unsigned long)4096>)
1.8,479955862,29880,16062.8,16000.0,15616,21536,282.6,ampere_fp16_s16816gemm_fp16_64x64_sliced1x2_ldg8_relu_f2f_stages_64x6_tn
1.8,472687733,270,1750695.3,579904.5,481026,4970777,1718450.8,void cutlass::Kernel2<cutlass_80_tensorop_f16_s16816gemm_relu_f16_256x128_32x3_tn_align8>(T1::Params)
1.6,420402882,29880,14069.7,14048.0,13568,15776,234.4,"std::enable_if<!T7, void>::type internal::gemvx::kernel<int, int, __half, __half, __half, float, (bool)0, (bool)1, (bool)1, (bool)0, (int)7, (bool)0, cublasGemvParamsEx<int, cublasGemvTensorStridedBatched<const __half>, cublasGemvTensorStridedBatched<const __half>, cublasGemvTensorStridedBatched<__half>, float>>(T13)"
1.5,407492962,120240,3389.0,2720.0,2495,279488,11155.0,"std::enable_if<T2>(int)0&&vllm::_typeConvert<T1>::exists, void>::type vllm::fused_add_rms_norm_kernel<c10::Half, (int)8>(T1 *, long, T1 *, const T1 *, float, int, int)"
1.4,383315740,29880,12828.5,12768.0,12448,16640,272.0,ampere_fp16_s16816gemm_fp16_64x64_sliced1x2_ldg8_f2f_stages_64x5_tn
1.3,346668073,29880,11602.0,11520.0,11072,14048,343.1,void cutlass::Kernel2<cutlass_80_wmma_tensorop_f16_s161616gemm_f16_32x32_128x2_tn_align8>(T1::Params)
1.2,324487855,46008,7052.9,6976.0,6176,8448,421.2,"void flash::flash_fwd_splitkv_combine_kernel<Flash_fwd_kernel_traits<(int)128, (int)64, (int)128, (int)4, (bool)0, (bool)0, cutlass::half_t, Flash_kernel_traits<(int)128, (int)64, (int)128, (int)4, cutlass::half_t>>, (int)4, (int)5, (bool)1>(flash::Flash_fwd_params)"
1.2,309545302,60120,5148.8,3776.0,3488,632735,24191.5,"void vllm::act_and_mul_kernel<c10::Half, &vllm::silu_kernel<c10::Half>, (bool)1>(T1 *, const T1 *, int)"
1.1,304421957,720,422808.3,292832.5,99520,1033502,360451.4,sm80_xmma_gemm_f16f16_f16f32_f32_tn_n_tilesize160x128x32_stage4_warpsize2x2x1_tensor16x8x16_execute_kernel__5x_cublas
1.0,259667689,6680,38872.4,44944.5,20992,740159,20870.1,ncclDevKernel_SendRecv(ncclDevKernelArgsStorage<(unsigned long)4096>)
0.8,201979690,90,2244218.8,2204792.0,2183401,2504892,76532.8,sm80_xmma_gemm_f16f16_f16f32_f32_tn_n_tilesize192x128x32_stage3_warpsize4x2x1_tensor16x8x16_execute_kernel__5x_cublas
0.7,198331517,360,550920.9,148353.0,18112,2259485,778798.5,"void flash::flash_fwd_kernel<Flash_fwd_kernel_traits<(int)128, (int)64, (int)64, (int)4, (bool)0, (bool)0, cutlass::half_t, Flash_kernel_traits<(int)128, (int)64, (int)64, (int)4, cutlass::half_t>>, (bool)0, (bool)1, (bool)0, (bool)0, (bool)0, (bool)1, (bool)0, (bool)0>(flash::Flash_fwd_params)"
0.6,163037437,60120,2711.9,2656.0,2336,37280,1142.1,"void vllm::reshape_and_cache_flash_kernel<unsigned short, unsigned short, (vllm::Fp8KVCacheDataType)0>(const T1 *, const T1 *, T2 *, T2 *, const long *, long, long, long, long, long, int, int, int, const float *, const float *)"
0.6,158499777,60120,2636.4,2432.0,2080,111904,3951.2,"void vllm::rotary_embedding_kernel<c10::Half, (bool)1>(const long *, T1 *, T1 *, const T1 *, int, long, long, long, int, int, int)"
0.3,73848515,60120,1228.4,1152.0,1119,35264,1352.5,"void at::native::vectorized_elementwise_kernel<(int)4, at::native::FillFunctor<c10::Half>, std::array<char *, (unsigned long)1>>(int, T2, T3)"
0.3,70728128,29880,2367.1,2368.0,1984,3360,64.0,"void cublasLt::splitKreduce_kernel<(int)32, (int)16, int, __half, __half, float, __half, (bool)0, __half, __half, __half, (bool)1, (bool)0, (bool)0>(cublasLt::cublasSplitKParams<T6>, const T4 *, const T10 *, T9 *, T5 *, const T6 *, const T6 *, const T11 *, const T4 *, T11 *, void *, long, T6 *, int *, T6 *, T6 *, const T6 *, const T6 *, const T6 *, const T6 *, const T6 *)"
0.3,70156355,4590,15284.6,15328.0,13344,20640,530.0,"void flash::flash_fwd_splitkv_combine_kernel<Flash_fwd_kernel_traits<(int)128, (int)64, (int)128, (int)4, (bool)0, (bool)0, cutlass::half_t, Flash_kernel_traits<(int)128, (int)64, (int)128, (int)4, cutlass::half_t>>, (int)4, (int)6, (bool)1>(flash::Flash_fwd_params)"
0.3,66831684,4590,14560.3,14560.0,14112,21184,296.7,"void flash::flash_fwd_splitkv_combine_kernel<Flash_fwd_kernel_traits<(int)128, (int)64, (int)128, (int)4, (bool)0, (bool)0, cutlass::half_t, Flash_kernel_traits<(int)128, (int)64, (int)128, (int)4, cutlass::half_t>>, (int)4, (int)7, (bool)1>(flash::Flash_fwd_params)"
0.2,40286703,13320,3024.5,2976.0,2528,4704,354.7,"void at::native::<unnamed>::indexSelectSmallIndex<c10::Half, long, unsigned int, (int)2, (int)2, (int)-2>(at::cuda::detail::TensorInfo<T1, T3>, at::cuda::detail::TensorInfo<const T1, T3>, at::cuda::detail::TensorInfo<const T2, T3>, int, int, T3, long)"
0.1,24911519,6680,3729.3,3104.0,3008,321055,11442.1,"void vllm::rms_norm_kernel<c10::Half>(T1 *, const T1 *, long, const T1 *, float, int, int)"
0.1,22689875,90,252109.7,252000.5,244513,259328,4908.6,ampere_fp16_s1688gemm_fp16_128x128_ldg8_f2f_stages_32x1_tn
0.1,20557534,6680,3077.5,2752.0,2560,161056,5860.7,"void at::native::elementwise_kernel<(int)128, (int)4, void at::native::gpu_kernel_impl_nocast<at::native::<unnamed>::masked_fill_kernel(at::TensorIterator &, const c10::Scalar &)::[lambda() (instance 1)]::operator ()() const::[lambda() (instance 11)]::operator ()() const::[lambda(c10::Half, bool) (instance 1)]>(at::TensorIteratorBase &, const T1 &)::[lambda(int) (instance 1)]>(int, T3)"
0.1,20268438,4572,4433.2,4480.0,3776,4640,127.8,"void flash::flash_fwd_splitkv_combine_kernel<Flash_fwd_kernel_traits<(int)128, (int)64, (int)128, (int)4, (bool)0, (bool)0, cutlass::half_t, Flash_kernel_traits<(int)128, (int)64, (int)128, (int)4, cutlass::half_t>>, (int)4, (int)3, (bool)1>(flash::Flash_fwd_params)"
0.1,14338533,3340,4293.0,3472.0,3168,6176,975.1,"void at::native::unrolled_elementwise_kernel<at::native::direct_copy_kernel_cuda(at::TensorIteratorBase &)::[lambda() (instance 3)]::operator ()() const::[lambda() (instance 7)]::operator ()() const::[lambda(float) (instance 1)], std::array<char *, (unsigned long)2>, (int)4, TrivialOffsetCalculator<(int)1, unsigned int>, TrivialOffsetCalculator<(int)1, unsigned int>, at::native::memory::LoadWithCast<(int)1>, at::native::memory::StoreWithCast<(int)1>>(int, T1, T2, T4, T5, T6, T7)"
0.1,14101261,180,78340.3,76592.0,28192,131680,49272.2,void cutlass::Kernel2<cutlass_80_tensorop_f16_s16816gemm_relu_f16_128x128_32x4_tn_align8>(T1::Params)
0.0,12586191,6640,1895.5,1888.0,1664,2752,42.2,"void at::native::elementwise_kernel<(int)128, (int)2, void at::native::gpu_kernel_impl_nocast<at::native::CUDAFunctor_add<int>>(at::TensorIteratorBase &, const T1 &)::[lambda(int) (instance 1)]>(int, T3)"
0.0,11727530,3340,3511.2,2944.0,2751,4864,694.7,"void at::native::<unnamed>::CatArrayBatchedCopy_alignedK_contig<at::native::<unnamed>::OpaqueType<(unsigned int)2>, unsigned int, (int)2, (int)128, (int)1, (int)8>(T1 *, at::native::<unnamed>::CatArrInputTensorMetadata<T1, T2, T4, T5>, at::native::<unnamed>::TensorSizeStride<T2, (unsigned int)4>, int, T2)"
0.0,5946060,3320,1791.0,1888.0,1568,2464,189.7,triton_poi_fused_add_bitwise_and_bitwise_or_ge_lt_mul_sub_0
0.0,5246921,3360,1561.6,1696.0,1344,2304,204.4,triton_poi_fused_add_bitwise_and_bitwise_not_bitwise_or_ge_lt_mul_sub_0
0.0,4642529,3320,1398.4,1408.0,1376,2080,21.3,triton_poi_fused_bitwise_and_bitwise_not_bitwise_or_ge_lt_1
0.0,3652415,90,40582.4,40496.5,38689,42400,1340.3,sm80_xmma_gemm_f16f16_f16f32_f32_tn_n_tilesize64x96x32_stage4_warpsize2x2x1_tensor16x8x16_execute_kernel__5x_cublas
0.0,1020898,40,25522.5,15488.0,3392,69152,24945.5,"void at::native::vectorized_gather_kernel<(int)16, long>(char *, char *, T2 *, int, long, long, long, long, bool)"
