role,rank,phase,operator,input_shapes,input_dtypes,calls,gpu_kernel_count,gpu_total_us,gpu_mean_us,gpu_min_us,gpu_max_us
cloud,0,prefill,aten.lift_fresh.default,[[1024]],"[""torch.int64""]",8,0,0.0,0.0,0.0,0.0
cloud,0,prefill,aten.detach_.default,[[1024]],"[""torch.int64""]",8,0,0.0,0.0,0.0,0.0
cloud,0,prefill,aten.lift_fresh.default,[[1]],"[""torch.int32""]",8,0,0.0,0.0,0.0,0.0
cloud,0,prefill,aten.detach_.default,[[1]],"[""torch.int32""]",8,0,0.0,0.0,0.0,0.0
cloud,0,prefill,aten.lift_fresh.default,"[[1, 64]]","[""torch.int32""]",1,0,0.0,0.0,0.0,0.0
cloud,0,prefill,aten.detach_.default,"[[1, 64]]","[""torch.int32""]",1,0,0.0,0.0,0.0,0.0
cloud,0,prefill,aten.lift_fresh.default,[[2]],"[""torch.int32""]",8,0,0.0,0.0,0.0,0.0
cloud,0,prefill,aten.detach_.default,[[2]],"[""torch.int32""]",8,0,0.0,0.0,0.0,0.0
cloud,0,prefill,aten.lift_fresh.default,"[[1024, 2048]]","[""torch.float16""]",8,0,0.0,0.0,0.0,0.0
cloud,0,prefill,aten.to.dtype_layout,"[[1024, 2048]]","[""torch.float16""]",24,0,0.0,0.0,0.0,0.0
cloud,0,prefill,c10d.broadcast_.default,"[[1024, 2048]]","[""torch.float16""]",8,8,1450.206,181.27575,177.728,185.119
cloud,0,prefill,aten.detach.default,[[2048]],"[""torch.float16""]",216,0,0.0,0.0,0.0,0.0
cloud,0,prefill,_C.fused_add_rms_norm.default,"[[1024, 2048], [1024, 2048], [2048]]","[""torch.float16"", ""torch.float16"", ""torch.float16""]",216,216,6512.637,30.151097222222223,26.656,32.064
cloud,0,prefill,aten.linear.default,"[[1024, 2048], [1280, 2048], [1280]]","[""torch.float16"", ""torch.float16"", ""torch.float16""]",108,108,8265.14,76.52907407407407,72.256,81.504
cloud,0,prefill,aten.split_with_sizes.default,"[[1024, 1280]]","[""torch.float16""]",108,0,0.0,0.0,0.0,0.0
cloud,0,prefill,_C.rotary_embedding.default,"[[1024], [1024, 1024], [1024, 128], [32768, 128]]","[""torch.int64"", ""torch.float16"", ""torch.float16"", ""torch.float16""]",108,108,1242.75,11.506944444444445,10.816,12.448
cloud,0,prefill,aten.zeros.default,[],[],108,108,313.088,2.898962962962963,2.656,3.232
cloud,0,prefill,aten.view.default,"[[1024, 1024]]","[""torch.float16""]",216,0,0.0,0.0,0.0,0.0
cloud,0,prefill,aten.view.default,"[[1024, 128]]","[""torch.float16""]",216,0,0.0,0.0,0.0,0.0
cloud,0,prefill,vllm.unified_attention_with_output.default,"[[1024, 8, 128], [1024, 1, 128], [1024, 1, 128], [1024, 8, 128]]","[""torch.float16"", ""torch.float16"", ""torch.float16"", ""torch.float16""]",108,216,17669.812,163.60937037037036,64.48,275.648
cloud,0,prefill,aten.view.default,"[[1024, 8, 128]]","[""torch.float16""]",108,0,0.0,0.0,0.0,0.0
cloud,0,prefill,aten.linear.default,"[[1024, 1024], [2048, 1024]]","[""torch.float16"", ""torch.float16""]",108,108,5529.721,51.201120370370376,48.8,55.136
cloud,0,prefill,vllm.all_reduce.default,"[[1024, 2048]]","[""torch.float16""]",216,0,0.0,0.0,0.0,0.0
cloud,0,prefill,pynccl.all_reduce,"[[1024, 2048]]","[""torch.float16""]",216,216,76954.87,356.2725462962963,324.991,912.287
cloud,0,prefill,aten.linear.default,"[[1024, 2048], [11008, 2048]]","[""torch.float16"", ""torch.float16""]",108,108,59028.237,546.55775,533.888,561.312
cloud,0,prefill,aten.empty.memory_format,[],[],108,0,0.0,0.0,0.0,0.0
cloud,0,prefill,_C.silu_and_mul.default,"[[1024, 5504], [1024, 11008]]","[""torch.float16"", ""torch.float16""]",108,108,8312.024,76.96318518518518,75.264,78.88
cloud,0,prefill,aten.linear.default,"[[1024, 5504], [2048, 5504]]","[""torch.float16"", ""torch.float16""]",108,108,25986.408,240.61488888888888,231.551,255.135
cloud,0,prefill,aten.detach.default,"[[1024, 2048]]","[""torch.float16""]",8,0,0.0,0.0,0.0,0.0
cloud,0,prefill,aten.resolve_conj.default,"[[1024, 2048]]","[""torch.float16""]",8,0,0.0,0.0,0.0,0.0
cloud,0,prefill,aten.resolve_neg.default,"[[1024, 2048]]","[""torch.float16""]",8,0,0.0,0.0,0.0,0.0
cloud,0,prefill,aten.lift_fresh.default,"[[1, 128]]","[""torch.int32""]",1,0,0.0,0.0,0.0,0.0
cloud,0,prefill,aten.detach_.default,"[[1, 128]]","[""torch.int32""]",1,0,0.0,0.0,0.0,0.0
cloud,0,prefill,aten.lift_fresh.default,"[[1, 192]]","[""torch.int32""]",1,0,0.0,0.0,0.0,0.0
cloud,0,prefill,aten.detach_.default,"[[1, 192]]","[""torch.int32""]",1,0,0.0,0.0,0.0,0.0
cloud,0,prefill,aten.lift_fresh.default,"[[1, 256]]","[""torch.int32""]",1,0,0.0,0.0,0.0,0.0
cloud,0,prefill,aten.detach_.default,"[[1, 256]]","[""torch.int32""]",1,0,0.0,0.0,0.0,0.0
cloud,0,decode,aten.lift_fresh.default,[[1]],"[""torch.int64""]",16,0,0.0,0.0,0.0,0.0
cloud,0,decode,aten.detach_.default,[[1]],"[""torch.int64""]",16,0,0.0,0.0,0.0,0.0
cloud,0,decode,aten.lift_fresh.default,[[1]],"[""torch.int32""]",16,0,0.0,0.0,0.0,0.0
cloud,0,decode,aten.detach_.default,[[1]],"[""torch.int32""]",16,0,0.0,0.0,0.0,0.0
cloud,0,decode,aten.lift_fresh.default,"[[1, 257]]","[""torch.int32""]",8,0,0.0,0.0,0.0,0.0
cloud,0,decode,aten.detach_.default,"[[1, 257]]","[""torch.int32""]",8,0,0.0,0.0,0.0,0.0
cloud,0,decode,aten.lift_fresh.default,[[2]],"[""torch.int32""]",16,0,0.0,0.0,0.0,0.0
cloud,0,decode,aten.detach_.default,[[2]],"[""torch.int32""]",16,0,0.0,0.0,0.0,0.0
cloud,0,decode,aten.lift_fresh.default,"[[1, 2048]]","[""torch.float16""]",16,0,0.0,0.0,0.0,0.0
cloud,0,decode,aten.to.dtype_layout,"[[1, 2048]]","[""torch.float16""]",48,0,0.0,0.0,0.0,0.0
cloud,0,decode,c10d.broadcast_.default,"[[1, 2048]]","[""torch.float16""]",16,16,96.224,6.014,5.28,7.04
cloud,0,decode,aten.detach.default,[[2048]],"[""torch.float16""]",432,0,0.0,0.0,0.0,0.0
cloud,0,decode,_C.fused_add_rms_norm.default,"[[1, 2048], [1, 2048], [2048]]","[""torch.float16"", ""torch.float16"", ""torch.float16""]",432,432,1160.798,2.6870324074074072,2.592,2.912
cloud,0,decode,aten.linear.default,"[[1, 2048], [1280, 2048], [1280]]","[""torch.float16"", ""torch.float16"", ""torch.float16""]",216,216,3039.806,14.073175925925925,13.6,14.592
cloud,0,decode,aten.split_with_sizes.default,"[[1, 1280]]","[""torch.float16""]",216,0,0.0,0.0,0.0,0.0
cloud,0,decode,_C.rotary_embedding.default,"[[1], [1, 1024], [1, 128], [32768, 128]]","[""torch.int64"", ""torch.float16"", ""torch.float16"", ""torch.float16""]",216,216,526.047,2.435402777777778,2.368,2.592
cloud,0,decode,aten.zeros.default,[],[],216,216,253.92,1.1755555555555557,1.152,1.248
cloud,0,decode,aten.view.default,"[[1, 1024]]","[""torch.float16""]",432,0,0.0,0.0,0.0,0.0
cloud,0,decode,aten.view.default,"[[1, 128]]","[""torch.float16""]",432,0,0.0,0.0,0.0,0.0
cloud,0,decode,vllm.unified_attention_with_output.default,"[[1, 8, 128], [1, 1, 128], [1, 1, 128], [1, 8, 128]]","[""torch.float16"", ""torch.float16"", ""torch.float16"", ""torch.float16""]",216,656,4915.162,22.75537962962963,22.303,25.184
cloud,0,decode,aten.view.default,"[[1, 8, 128]]","[""torch.float16""]",216,0,0.0,0.0,0.0,0.0
cloud,0,decode,aten.linear.default,"[[1, 1024], [2048, 1024]]","[""torch.float16"", ""torch.float16""]",216,216,2787.804,12.9065,12.672,14.656
cloud,0,decode,vllm.all_reduce.default,"[[1, 2048]]","[""torch.float16""]",432,0,0.0,0.0,0.0,0.0
cloud,0,decode,pynccl.all_reduce,"[[1, 2048]]","[""torch.float16""]",432,432,137034.827,317.21024768518515,8.128,952.576
cloud,0,decode,aten.linear.default,"[[1, 2048], [11008, 2048]]","[""torch.float16"", ""torch.float16""]",216,216,20209.737,93.56359722222221,93.216,96.896
cloud,0,decode,aten.empty.memory_format,[],[],216,0,0.0,0.0,0.0,0.0
cloud,0,decode,_C.silu_and_mul.default,"[[1, 5504], [1, 11008]]","[""torch.float16"", ""torch.float16""]",216,216,812.287,3.760587962962963,3.552,4.0
cloud,0,decode,aten.linear.default,"[[1, 5504], [2048, 5504]]","[""torch.float16"", ""torch.float16""]",216,432,12510.355,57.918310185185184,57.44,59.36
cloud,0,decode,aten.detach.default,"[[1, 2048]]","[""torch.float16""]",16,0,0.0,0.0,0.0,0.0
cloud,0,decode,aten.resolve_conj.default,"[[1, 2048]]","[""torch.float16""]",16,0,0.0,0.0,0.0,0.0
cloud,0,decode,aten.resolve_neg.default,"[[1, 2048]]","[""torch.float16""]",16,0,0.0,0.0,0.0,0.0
enterprise,0,prefill,aten.lift_fresh.default,[[1024]],"[""torch.int64""]",20,0,0.0,0.0,0.0,0.0
enterprise,0,prefill,aten.detach_.default,[[1024]],"[""torch.int64""]",20,0,0.0,0.0,0.0,0.0
enterprise,0,prefill,aten.lift_fresh.default,[[1]],"[""torch.int32""]",16,0,0.0,0.0,0.0,0.0
enterprise,0,prefill,aten.detach_.default,[[1]],"[""torch.int32""]",16,0,0.0,0.0,0.0,0.0
enterprise,0,prefill,aten.lift_fresh.default,"[[1, 64]]","[""torch.int32""]",2,0,0.0,0.0,0.0,0.0
enterprise,0,prefill,aten.detach_.default,"[[1, 64]]","[""torch.int32""]",2,0,0.0,0.0,0.0,0.0
enterprise,0,prefill,aten.lift_fresh.default,[[2]],"[""torch.int32""]",16,0,0.0,0.0,0.0,0.0
enterprise,0,prefill,aten.detach_.default,[[2]],"[""torch.int32""]",16,0,0.0,0.0,0.0,0.0
enterprise,0,prefill,aten.ge.Scalar,[[1024]],"[""torch.int64""]",8,8,13.856,1.732,1.536,1.984
enterprise,0,prefill,aten.lt.Scalar,[[1024]],"[""torch.int64""]",8,8,13.76,1.72,1.568,1.952
enterprise,0,prefill,aten.__and__.Tensor,"[[1024], [1024]]","[""torch.bool"", ""torch.bool""]",8,8,10.912,1.364,1.344,1.408
enterprise,0,prefill,aten.mul.Tensor,[[1024]],"[""torch.bool""]",8,8,22.848,2.856,2.56,3.296
enterprise,0,prefill,aten.add.Tensor,"[[1024], [1024]]","[""torch.int64"", ""torch.int64""]",4,4,6.944,1.736,1.728,1.76
enterprise,0,prefill,aten.__or__.Tensor,"[[1024], [1024]]","[""torch.bool"", ""torch.bool""]",4,4,5.568,1.392,1.376,1.408
enterprise,0,prefill,aten.sub.Tensor,"[[1024], [1024]]","[""torch.int64"", ""torch.int64""]",4,4,6.88,1.72,1.696,1.728
enterprise,0,prefill,aten.mul.Tensor,"[[1024], [1024]]","[""torch.bool"", ""torch.int64""]",4,4,15.36,3.84,3.456,3.968
enterprise,0,prefill,aten.bitwise_not.default,[[1024]],"[""torch.bool""]",4,4,5.408,1.352,1.344,1.376
enterprise,0,prefill,aten.to.dtype,[[1024]],"[""torch.int64""]",4,0,0.0,0.0,0.0,0.0
enterprise,0,prefill,aten.embedding.default,"[[75968, 2048], [1024]]","[""torch.float16"", ""torch.int64""]",4,4,37.728,9.432,8.608,11.2
enterprise,0,prefill,aten.unsqueeze.default,[[1024]],"[""torch.bool""]",4,0,0.0,0.0,0.0,0.0
enterprise,0,prefill,aten.masked_fill_.Scalar,"[[1024, 2048], [1024, 1]]","[""torch.float16"", ""torch.bool""]",4,4,42.848,10.712,10.56,10.816
enterprise,0,prefill,vllm.all_reduce.default,"[[1024, 2048]]","[""torch.float16""]",76,0,0.0,0.0,0.0,0.0
enterprise,0,prefill,pynccl.all_reduce,"[[1024, 2048]]","[""torch.float16""]",76,76,42184.871,555.0640921052632,290.496,4579.553
enterprise,0,prefill,aten.detach.default,[[2048]],"[""torch.float16""]",73,0,0.0,0.0,0.0,0.0
enterprise,0,prefill,aten.empty_like.default,"[[1024, 2048]]","[""torch.float16""]",4,0,0.0,0.0,0.0,0.0
enterprise,0,prefill,_C.rms_norm.default,"[[1024, 2048], [1024, 2048], [2048]]","[""torch.float16"", ""torch.float16"", ""torch.float16""]",4,4,121.824,30.456,30.368,30.56
enterprise,0,prefill,aten.linear.default,"[[1024, 2048], [1280, 2048], [1280]]","[""torch.float16"", ""torch.float16"", ""torch.float16""]",36,36,2649.12,73.58666666666667,72.864,74.176
enterprise,0,prefill,aten.split_with_sizes.default,"[[1024, 1280]]","[""torch.float16""]",36,0,0.0,0.0,0.0,0.0
enterprise,0,prefill,_C.rotary_embedding.default,"[[1024], [1024, 1024], [1024, 128], [32768, 128]]","[""torch.int64"", ""torch.float16"", ""torch.float16"", ""torch.float16""]",36,36,394.944,10.970666666666666,10.752,11.2
enterprise,0,prefill,aten.zeros.default,[],[],36,36,97.824,2.7173333333333334,2.656,2.816
enterprise,0,prefill,aten.view.default,"[[1024, 1024]]","[""torch.float16""]",72,0,0.0,0.0,0.0,0.0
enterprise,0,prefill,aten.view.default,"[[1024, 128]]","[""torch.float16""]",72,0,0.0,0.0,0.0,0.0
enterprise,0,prefill,vllm.unified_attention_with_output.default,"[[1024, 8, 128], [1024, 1, 128], [1024, 1, 128], [1024, 8, 128]]","[""torch.float16"", ""torch.float16"", ""torch.float16"", ""torch.float16""]",36,72,5576.801,154.91113888888887,64.384,244.544
enterprise,0,prefill,aten.view.default,"[[1024, 8, 128]]","[""torch.float16""]",36,0,0.0,0.0,0.0,0.0
enterprise,0,prefill,aten.linear.default,"[[1024, 1024], [2048, 1024]]","[""torch.float16"", ""torch.float16""]",36,36,1781.952,49.498666666666665,48.544,50.592
enterprise,0,prefill,_C.fused_add_rms_norm.default,"[[1024, 2048], [1024, 2048], [2048]]","[""torch.float16"", ""torch.float16"", ""torch.float16""]",69,69,2054.432,29.774376811594205,25.888,31.232
enterprise,0,prefill,aten.linear.default,"[[1024, 2048], [11008, 2048]]","[""torch.float16"", ""torch.float16""]",36,36,19333.54,537.0427777777777,532.928,541.152
enterprise,0,prefill,aten.empty.memory_format,[],[],36,0,0.0,0.0,0.0,0.0
enterprise,0,prefill,_C.silu_and_mul.default,"[[1024, 5504], [1024, 11008]]","[""torch.float16"", ""torch.float16""]",36,36,2749.312,76.36977777777778,75.584,77.088
enterprise,0,prefill,aten.linear.default,"[[1024, 5504], [2048, 5504]]","[""torch.float16"", ""torch.float16""]",36,36,8421.953,233.94313888888888,229.472,236.864
enterprise,0,prefill,aten.to.dtype_layout,"[[1024, 2048]]","[""torch.float16""]",24,0,0.0,0.0,0.0,0.0
enterprise,0,prefill,aten.detach.default,"[[1024, 2048]]","[""torch.float16""]",8,0,0.0,0.0,0.0,0.0
enterprise,0,prefill,aten.resolve_conj.default,"[[1024, 2048]]","[""torch.float16""]",8,0,0.0,0.0,0.0,0.0
enterprise,0,prefill,aten.resolve_neg.default,"[[1024, 2048]]","[""torch.float16""]",8,0,0.0,0.0,0.0,0.0
enterprise,0,prefill,aten.lift_fresh.default,"[[1, 128]]","[""torch.int32""]",2,0,0.0,0.0,0.0,0.0
enterprise,0,prefill,aten.detach_.default,"[[1, 128]]","[""torch.int32""]",2,0,0.0,0.0,0.0,0.0
enterprise,0,prefill,aten.lift_fresh.default,"[[1024, 2048]]","[""torch.float16""]",8,0,0.0,0.0,0.0,0.0
enterprise,0,prefill,c10d.broadcast_.default,"[[1024, 2048]]","[""torch.float16""]",8,8,1442.048,180.256,177.952,182.624
enterprise,0,prefill,aten.lift_fresh.default,"[[1, 192]]","[""torch.int32""]",2,0,0.0,0.0,0.0,0.0
enterprise,0,prefill,aten.detach_.default,"[[1, 192]]","[""torch.int32""]",2,0,0.0,0.0,0.0,0.0
enterprise,0,prefill,aten.lift_fresh.default,"[[1, 256]]","[""torch.int32""]",2,0,0.0,0.0,0.0,0.0
enterprise,0,prefill,aten.detach_.default,"[[1, 256]]","[""torch.int32""]",2,0,0.0,0.0,0.0,0.0
enterprise,0,prefill,aten.lift_fresh.default,[[1]],"[""torch.int64""]",1,0,0.0,0.0,0.0,0.0
enterprise,0,prefill,aten.to.device,[[1]],"[""torch.int64""]",1,0,0.0,0.0,0.0,0.0
enterprise,0,prefill,aten.detach_.default,[[1]],"[""torch.int64""]",1,0,0.0,0.0,0.0,0.0
enterprise,0,prefill,aten.index_select.default,"[[1024, 2048], [1]]","[""torch.float16"", ""torch.int64""]",1,1,2.752,2.752,2.752,2.752
enterprise,0,prefill,aten.linear.default,"[[1, 2048], [75968, 2048]]","[""torch.float16"", ""torch.float16""]",1,1,642.784,642.784,642.784,642.784
enterprise,0,prefill,aten.empty_like.default,"[[1, 75968]]","[""torch.float16""]",2,0,0.0,0.0,0.0,0.0
enterprise,0,prefill,c10d.gather_.default,"[[1, 75968], [1, 75968], [1, 75968]]","[""torch.float16"", ""torch.float16"", ""torch.float16""]",1,1,58.689,58.689,58.689,58.689
enterprise,0,prefill,aten.cat.default,"[[1, 75968], [1, 75968]]","[""torch.float16"", ""torch.float16""]",1,1,2.848,2.848,2.848,2.848
enterprise,0,prefill,aten.alias.default,"[[1, 151936]]","[""torch.float16""]",1,0,0.0,0.0,0.0,0.0
enterprise,0,prefill,aten.to.dtype,"[[1, 151936]]","[""torch.float16""]",1,1,3.328,3.328,3.328,3.328
enterprise,0,prefill,aten.to.dtype_layout,"[[1, 151936]]","[""torch.float32""]",2,0,0.0,0.0,0.0,0.0
enterprise,0,prefill,aten.detach.default,"[[1, 151936]]","[""torch.float32""]",1,0,0.0,0.0,0.0,0.0
enterprise,0,prefill,aten.resolve_conj.default,"[[1, 151936]]","[""torch.float32""]",1,0,0.0,0.0,0.0,0.0
enterprise,0,prefill,aten.resolve_neg.default,"[[1, 151936]]","[""torch.float32""]",1,0,0.0,0.0,0.0,0.0
enterprise,0,decode,aten.lift_fresh.default,[[1]],"[""torch.int64""]",48,0,0.0,0.0,0.0,0.0
enterprise,0,decode,aten.detach_.default,[[1]],"[""torch.int64""]",48,0,0.0,0.0,0.0,0.0
enterprise,0,decode,aten.lift_fresh.default,[[1]],"[""torch.int32""]",32,0,0.0,0.0,0.0,0.0
enterprise,0,decode,aten.detach_.default,[[1]],"[""torch.int32""]",32,0,0.0,0.0,0.0,0.0
enterprise,0,decode,aten.lift_fresh.default,"[[1, 257]]","[""torch.int32""]",16,0,0.0,0.0,0.0,0.0
enterprise,0,decode,aten.detach_.default,"[[1, 257]]","[""torch.int32""]",16,0,0.0,0.0,0.0,0.0
enterprise,0,decode,aten.lift_fresh.default,[[2]],"[""torch.int32""]",32,0,0.0,0.0,0.0,0.0
enterprise,0,decode,aten.detach_.default,[[2]],"[""torch.int32""]",32,0,0.0,0.0,0.0,0.0
enterprise,0,decode,aten.ge.Scalar,[[1]],"[""torch.int64""]",16,16,27.36,1.71,1.44,1.984
enterprise,0,decode,aten.lt.Scalar,[[1]],"[""torch.int64""]",16,16,23.328,1.458,1.44,1.472
enterprise,0,decode,aten.__and__.Tensor,"[[1], [1]]","[""torch.bool"", ""torch.bool""]",16,16,27.264,1.704,1.536,1.888
enterprise,0,decode,aten.mul.Tensor,[[1]],"[""torch.bool""]",16,16,32.992,2.062,1.824,2.368
enterprise,0,decode,aten.add.Tensor,"[[1], [1]]","[""torch.int64"", ""torch.int64""]",8,8,12.64,1.58,1.568,1.6
enterprise,0,decode,aten.__or__.Tensor,"[[1], [1]]","[""torch.bool"", ""torch.bool""]",8,8,12.32,1.54,1.536,1.568
enterprise,0,decode,aten.sub.Tensor,"[[1], [1]]","[""torch.int64"", ""torch.int64""]",8,8,13.376,1.672,1.664,1.696
enterprise,0,decode,aten.mul.Tensor,"[[1], [1]]","[""torch.bool"", ""torch.int64""]",8,8,18.816,2.352,2.336,2.368
enterprise,0,decode,aten.bitwise_not.default,[[1]],"[""torch.bool""]",8,8,12.704,1.588,1.568,1.6
enterprise,0,decode,aten.to.dtype,[[1]],"[""torch.int64""]",8,0,0.0,0.0,0.0,0.0
enterprise,0,decode,aten.embedding.default,"[[75968, 2048], [1]]","[""torch.float16"", ""torch.int64""]",8,8,22.08,2.76,2.72,2.816
enterprise,0,decode,aten.unsqueeze.default,[[1]],"[""torch.bool""]",8,0,0.0,0.0,0.0,0.0
enterprise,0,decode,aten.masked_fill_.Scalar,"[[1, 2048], [1, 1]]","[""torch.float16"", ""torch.bool""]",8,8,20.704,2.588,2.56,2.592
enterprise,0,decode,vllm.all_reduce.default,"[[1, 2048]]","[""torch.float16""]",152,0,0.0,0.0,0.0,0.0
enterprise,0,decode,pynccl.all_reduce,"[[1, 2048]]","[""torch.float16""]",152,152,14941.058,98.29643421052631,8.192,849.376
enterprise,0,decode,aten.detach.default,[[2048]],"[""torch.float16""]",152,0,0.0,0.0,0.0,0.0
enterprise,0,decode,aten.empty_like.default,"[[1, 2048]]","[""torch.float16""]",8,0,0.0,0.0,0.0,0.0
enterprise,0,decode,_C.rms_norm.default,"[[1, 2048], [1, 2048], [2048]]","[""torch.float16"", ""torch.float16"", ""torch.float16""]",8,8,25.216,3.152,3.104,3.2
enterprise,0,decode,aten.linear.default,"[[1, 2048], [1280, 2048], [1280]]","[""torch.float16"", ""torch.float16"", ""torch.float16""]",72,72,1014.4,14.088888888888889,13.696,14.496
enterprise,0,decode,aten.split_with_sizes.default,"[[1, 1280]]","[""torch.float16""]",72,0,0.0,0.0,0.0,0.0
enterprise,0,decode,_C.rotary_embedding.default,"[[1], [1, 1024], [1, 128], [32768, 128]]","[""torch.int64"", ""torch.float16"", ""torch.float16"", ""torch.float16""]",72,72,178.656,2.4813333333333336,2.432,2.624
enterprise,0,decode,aten.zeros.default,[],[],72,72,84.321,1.171125,1.152,1.184
enterprise,0,decode,aten.view.default,"[[1, 1024]]","[""torch.float16""]",144,0,0.0,0.0,0.0,0.0
enterprise,0,decode,aten.view.default,"[[1, 128]]","[""torch.float16""]",144,0,0.0,0.0,0.0,0.0
enterprise,0,decode,vllm.unified_attention_with_output.default,"[[1, 8, 128], [1, 1, 128], [1, 1, 128], [1, 8, 128]]","[""torch.float16"", ""torch.float16"", ""torch.float16"", ""torch.float16""]",72,232,1655.136,22.988,22.304,24.256
enterprise,0,decode,aten.view.default,"[[1, 8, 128]]","[""torch.float16""]",72,0,0.0,0.0,0.0,0.0
enterprise,0,decode,aten.linear.default,"[[1, 1024], [2048, 1024]]","[""torch.float16"", ""torch.float16""]",72,72,937.184,13.016444444444446,12.64,14.24
enterprise,0,decode,_C.fused_add_rms_norm.default,"[[1, 2048], [1, 2048], [2048]]","[""torch.float16"", ""torch.float16"", ""torch.float16""]",144,144,392.448,2.7253333333333334,2.56,2.88
enterprise,0,decode,aten.linear.default,"[[1, 2048], [11008, 2048]]","[""torch.float16"", ""torch.float16""]",72,72,6749.472,93.74266666666666,93.184,95.296
enterprise,0,decode,aten.empty.memory_format,[],[],72,0,0.0,0.0,0.0,0.0
enterprise,0,decode,_C.silu_and_mul.default,"[[1, 5504], [1, 11008]]","[""torch.float16"", ""torch.float16""]",72,72,260.992,3.6248888888888886,3.52,3.872
enterprise,0,decode,aten.linear.default,"[[1, 5504], [2048, 5504]]","[""torch.float16"", ""torch.float16""]",72,144,4168.768,57.89955555555555,57.44,58.592
enterprise,0,decode,aten.to.dtype_layout,"[[1, 2048]]","[""torch.float16""]",48,0,0.0,0.0,0.0,0.0
enterprise,0,decode,aten.detach.default,"[[1, 2048]]","[""torch.float16""]",16,0,0.0,0.0,0.0,0.0
enterprise,0,decode,aten.resolve_conj.default,"[[1, 2048]]","[""torch.float16""]",16,0,0.0,0.0,0.0,0.0
enterprise,0,decode,aten.resolve_neg.default,"[[1, 2048]]","[""torch.float16""]",16,0,0.0,0.0,0.0,0.0
enterprise,0,decode,aten.lift_fresh.default,"[[1, 2048]]","[""torch.float16""]",16,0,0.0,0.0,0.0,0.0
enterprise,0,decode,c10d.broadcast_.default,"[[1, 2048]]","[""torch.float16""]",16,16,96.544,6.034,5.344,6.752
enterprise,0,decode,aten.to.device,[[1]],"[""torch.int64""]",8,0,0.0,0.0,0.0,0.0
enterprise,0,decode,aten.index_select.default,"[[1, 2048], [1]]","[""torch.float16"", ""torch.int64""]",8,8,20.704,2.588,2.56,2.624
enterprise,0,decode,aten.linear.default,"[[1, 2048], [75968, 2048]]","[""torch.float16"", ""torch.float16""]",8,8,5087.969,635.996125,634.944,636.864
enterprise,0,decode,aten.empty_like.default,"[[1, 75968]]","[""torch.float16""]",16,0,0.0,0.0,0.0,0.0
enterprise,0,decode,c10d.gather_.default,"[[1, 75968], [1, 75968], [1, 75968]]","[""torch.float16"", ""torch.float16"", ""torch.float16""]",8,8,963.296,120.412,23.52,255.168
enterprise,0,decode,aten.cat.default,"[[1, 75968], [1, 75968]]","[""torch.float16"", ""torch.float16""]",8,8,22.624,2.828,2.784,2.88
enterprise,0,decode,aten.alias.default,"[[1, 151936]]","[""torch.float16""]",8,0,0.0,0.0,0.0,0.0
enterprise,0,decode,aten.to.dtype,"[[1, 151936]]","[""torch.float16""]",8,8,26.496,3.312,3.264,3.36
enterprise,0,decode,aten.to.dtype_layout,"[[1, 151936]]","[""torch.float32""]",16,0,0.0,0.0,0.0,0.0
enterprise,0,decode,aten.detach.default,"[[1, 151936]]","[""torch.float32""]",8,0,0.0,0.0,0.0,0.0
enterprise,0,decode,aten.resolve_conj.default,"[[1, 151936]]","[""torch.float32""]",8,0,0.0,0.0,0.0,0.0
enterprise,0,decode,aten.resolve_neg.default,"[[1, 151936]]","[""torch.float32""]",8,0,0.0,0.0,0.0,0.0
enterprise,1,prefill,aten.lift_fresh.default,[[1024]],"[""torch.int64""]",20,0,0.0,0.0,0.0,0.0
enterprise,1,prefill,aten.detach_.default,[[1024]],"[""torch.int64""]",20,0,0.0,0.0,0.0,0.0
enterprise,1,prefill,aten.lift_fresh.default,[[1]],"[""torch.int32""]",16,0,0.0,0.0,0.0,0.0
enterprise,1,prefill,aten.detach_.default,[[1]],"[""torch.int32""]",16,0,0.0,0.0,0.0,0.0
enterprise,1,prefill,aten.lift_fresh.default,"[[1, 64]]","[""torch.int32""]",2,0,0.0,0.0,0.0,0.0
enterprise,1,prefill,aten.detach_.default,"[[1, 64]]","[""torch.int32""]",2,0,0.0,0.0,0.0,0.0
enterprise,1,prefill,aten.lift_fresh.default,[[2]],"[""torch.int32""]",16,0,0.0,0.0,0.0,0.0
enterprise,1,prefill,aten.detach_.default,[[2]],"[""torch.int32""]",16,0,0.0,0.0,0.0,0.0
enterprise,1,prefill,aten.ge.Scalar,[[1024]],"[""torch.int64""]",8,8,14.048,1.756,1.536,2.016
enterprise,1,prefill,aten.lt.Scalar,[[1024]],"[""torch.int64""]",8,8,13.792,1.724,1.568,1.92
enterprise,1,prefill,aten.__and__.Tensor,"[[1024], [1024]]","[""torch.bool"", ""torch.bool""]",8,8,10.912,1.364,1.344,1.408
enterprise,1,prefill,aten.mul.Tensor,[[1024]],"[""torch.bool""]",8,8,23.04,2.88,2.56,3.328
enterprise,1,prefill,aten.add.Tensor,"[[1024], [1024]]","[""torch.int64"", ""torch.int64""]",4,4,7.008,1.752,1.728,1.76
enterprise,1,prefill,aten.__or__.Tensor,"[[1024], [1024]]","[""torch.bool"", ""torch.bool""]",4,4,5.44,1.36,1.344,1.376
enterprise,1,prefill,aten.sub.Tensor,"[[1024], [1024]]","[""torch.int64"", ""torch.int64""]",4,4,6.912,1.728,1.696,1.76
enterprise,1,prefill,aten.mul.Tensor,"[[1024], [1024]]","[""torch.bool"", ""torch.int64""]",4,4,15.296,3.824,3.456,3.968
enterprise,1,prefill,aten.bitwise_not.default,[[1024]],"[""torch.bool""]",4,4,5.408,1.352,1.344,1.376
enterprise,1,prefill,aten.to.dtype,[[1024]],"[""torch.int64""]",4,0,0.0,0.0,0.0,0.0
enterprise,1,prefill,aten.embedding.default,"[[75968, 2048], [1024]]","[""torch.float16"", ""torch.int64""]",4,4,33.344,8.336,6.816,9.6
enterprise,1,prefill,aten.unsqueeze.default,[[1024]],"[""torch.bool""]",4,0,0.0,0.0,0.0,0.0
enterprise,1,prefill,aten.masked_fill_.Scalar,"[[1024, 2048], [1024, 1]]","[""torch.float16"", ""torch.bool""]",4,4,41.824,10.456,10.4,10.528
enterprise,1,prefill,vllm.all_reduce.default,"[[1024, 2048]]","[""torch.float16""]",76,0,0.0,0.0,0.0,0.0
enterprise,1,prefill,pynccl.all_reduce,"[[1024, 2048]]","[""torch.float16""]",76,76,23446.889,308.5116973684211,293.919,328.927
enterprise,1,prefill,aten.detach.default,[[2048]],"[""torch.float16""]",73,0,0.0,0.0,0.0,0.0
enterprise,1,prefill,aten.empty_like.default,"[[1024, 2048]]","[""torch.float16""]",4,0,0.0,0.0,0.0,0.0
enterprise,1,prefill,_C.rms_norm.default,"[[1024, 2048], [1024, 2048], [2048]]","[""torch.float16"", ""torch.float16"", ""torch.float16""]",4,4,114.976,28.744,28.576,28.832
enterprise,1,prefill,aten.linear.default,"[[1024, 2048], [1280, 2048], [1280]]","[""torch.float16"", ""torch.float16"", ""torch.float16""]",36,36,2659.987,73.88852777777778,72.8,74.624
enterprise,1,prefill,aten.split_with_sizes.default,"[[1024, 1280]]","[""torch.float16""]",36,0,0.0,0.0,0.0,0.0
enterprise,1,prefill,_C.rotary_embedding.default,"[[1024], [1024, 1024], [1024, 128], [32768, 128]]","[""torch.int64"", ""torch.float16"", ""torch.float16"", ""torch.float16""]",36,36,395.04,10.973333333333334,10.72,11.2
enterprise,1,prefill,aten.zeros.default,[],[],36,36,98.175,2.7270833333333333,2.656,2.848
enterprise,1,prefill,aten.view.default,"[[1024, 1024]]","[""torch.float16""]",72,0,0.0,0.0,0.0,0.0
enterprise,1,prefill,aten.view.default,"[[1024, 128]]","[""torch.float16""]",72,0,0.0,0.0,0.0,0.0
enterprise,1,prefill,vllm.unified_attention_with_output.default,"[[1024, 8, 128], [1024, 1, 128], [1024, 1, 128], [1024, 8, 128]]","[""torch.float16"", ""torch.float16"", ""torch.float16"", ""torch.float16""]",36,72,5596.974,155.4715,64.256,245.567
enterprise,1,prefill,aten.view.default,"[[1024, 8, 128]]","[""torch.float16""]",36,0,0.0,0.0,0.0,0.0
enterprise,1,prefill,aten.linear.default,"[[1024, 1024], [2048, 1024]]","[""torch.float16"", ""torch.float16""]",36,36,1796.694,49.908166666666666,49.184,50.624
enterprise,1,prefill,_C.fused_add_rms_norm.default,"[[1024, 2048], [1024, 2048], [2048]]","[""torch.float16"", ""torch.float16"", ""torch.float16""]",69,69,1989.111,28.82769565217391,27.84,29.728
enterprise,1,prefill,aten.linear.default,"[[1024, 2048], [11008, 2048]]","[""torch.float16"", ""torch.float16""]",36,36,19328.92,536.9144444444445,533.438,540.254
enterprise,1,prefill,aten.empty.memory_format,[],[],44,0,0.0,0.0,0.0,0.0
enterprise,1,prefill,_C.silu_and_mul.default,"[[1024, 5504], [1024, 11008]]","[""torch.float16"", ""torch.float16""]",36,36,2748.055,76.33486111111111,75.52,77.375
enterprise,1,prefill,aten.linear.default,"[[1024, 5504], [2048, 5504]]","[""torch.float16"", ""torch.float16""]",36,36,8472.511,235.34752777777777,229.631,238.719
enterprise,1,prefill,aten.lift_fresh.default,"[[1, 128]]","[""torch.int32""]",2,0,0.0,0.0,0.0,0.0
enterprise,1,prefill,aten.detach_.default,"[[1, 128]]","[""torch.int32""]",2,0,0.0,0.0,0.0,0.0
enterprise,1,prefill,c10d.broadcast_.default,"[[1024, 2048]]","[""torch.float16""]",8,8,3154.645,394.330625,194.368,756.797
enterprise,1,prefill,aten.lift_fresh.default,"[[1, 192]]","[""torch.int32""]",2,0,0.0,0.0,0.0,0.0
enterprise,1,prefill,aten.detach_.default,"[[1, 192]]","[""torch.int32""]",2,0,0.0,0.0,0.0,0.0
enterprise,1,prefill,aten.lift_fresh.default,"[[1, 256]]","[""torch.int32""]",2,0,0.0,0.0,0.0,0.0
enterprise,1,prefill,aten.detach_.default,"[[1, 256]]","[""torch.int32""]",2,0,0.0,0.0,0.0,0.0
enterprise,1,prefill,aten.lift_fresh.default,[[1]],"[""torch.int64""]",1,0,0.0,0.0,0.0,0.0
enterprise,1,prefill,aten.to.device,[[1]],"[""torch.int64""]",1,0,0.0,0.0,0.0,0.0
enterprise,1,prefill,aten.detach_.default,[[1]],"[""torch.int64""]",1,0,0.0,0.0,0.0,0.0
enterprise,1,prefill,aten.index_select.default,"[[1024, 2048], [1]]","[""torch.float16"", ""torch.int64""]",1,1,2.784,2.784,2.784,2.784
enterprise,1,prefill,aten.linear.default,"[[1, 2048], [75968, 2048]]","[""torch.float16"", ""torch.float16""]",1,1,642.109,642.109,642.109,642.109
enterprise,1,prefill,c10d.gather_.default,"[[1, 75968]]","[""torch.float16""]",1,1,22.24,22.24,22.24,22.24
enterprise,1,decode,aten.lift_fresh.default,[[1]],"[""torch.int64""]",48,0,0.0,0.0,0.0,0.0
enterprise,1,decode,aten.detach_.default,[[1]],"[""torch.int64""]",48,0,0.0,0.0,0.0,0.0
enterprise,1,decode,aten.lift_fresh.default,[[1]],"[""torch.int32""]",32,0,0.0,0.0,0.0,0.0
enterprise,1,decode,aten.detach_.default,[[1]],"[""torch.int32""]",32,0,0.0,0.0,0.0,0.0
enterprise,1,decode,aten.lift_fresh.default,"[[1, 257]]","[""torch.int32""]",16,0,0.0,0.0,0.0,0.0
enterprise,1,decode,aten.detach_.default,"[[1, 257]]","[""torch.int32""]",16,0,0.0,0.0,0.0,0.0
enterprise,1,decode,aten.lift_fresh.default,[[2]],"[""torch.int32""]",32,0,0.0,0.0,0.0,0.0
enterprise,1,decode,aten.detach_.default,[[2]],"[""torch.int32""]",32,0,0.0,0.0,0.0,0.0
enterprise,1,decode,aten.ge.Scalar,[[1]],"[""torch.int64""]",16,16,30.336,1.896,1.44,2.4
enterprise,1,decode,aten.lt.Scalar,[[1]],"[""torch.int64""]",16,16,23.392,1.462,1.44,1.472
enterprise,1,decode,aten.__and__.Tensor,"[[1], [1]]","[""torch.bool"", ""torch.bool""]",16,16,27.328,1.708,1.536,1.888
enterprise,1,decode,aten.mul.Tensor,[[1]],"[""torch.bool""]",16,16,33.664,2.104,1.824,2.4
enterprise,1,decode,aten.add.Tensor,"[[1], [1]]","[""torch.int64"", ""torch.int64""]",8,8,12.608,1.576,1.568,1.6
enterprise,1,decode,aten.__or__.Tensor,"[[1], [1]]","[""torch.bool"", ""torch.bool""]",8,8,12.288,1.536,1.536,1.536
enterprise,1,decode,aten.sub.Tensor,"[[1], [1]]","[""torch.int64"", ""torch.int64""]",8,8,13.376,1.672,1.664,1.696
enterprise,1,decode,aten.mul.Tensor,"[[1], [1]]","[""torch.bool"", ""torch.int64""]",8,8,18.784,2.348,2.304,2.4
enterprise,1,decode,aten.bitwise_not.default,[[1]],"[""torch.bool""]",8,8,12.768,1.596,1.568,1.6
enterprise,1,decode,aten.to.dtype,[[1]],"[""torch.int64""]",8,0,0.0,0.0,0.0,0.0
enterprise,1,decode,aten.embedding.default,"[[75968, 2048], [1]]","[""torch.float16"", ""torch.int64""]",8,8,22.656,2.832,2.816,2.88
enterprise,1,decode,aten.unsqueeze.default,[[1]],"[""torch.bool""]",8,0,0.0,0.0,0.0,0.0
enterprise,1,decode,aten.masked_fill_.Scalar,"[[1, 2048], [1, 1]]","[""torch.float16"", ""torch.bool""]",8,8,20.16,2.52,2.464,2.56
enterprise,1,decode,vllm.all_reduce.default,"[[1, 2048]]","[""torch.float16""]",152,0,0.0,0.0,0.0,0.0
enterprise,1,decode,pynccl.all_reduce,"[[1, 2048]]","[""torch.float16""]",152,152,6929.643,45.589756578947366,8.064,772.573
enterprise,1,decode,aten.detach.default,[[2048]],"[""torch.float16""]",152,0,0.0,0.0,0.0,0.0
enterprise,1,decode,aten.empty_like.default,"[[1, 2048]]","[""torch.float16""]",8,0,0.0,0.0,0.0,0.0
enterprise,1,decode,_C.rms_norm.default,"[[1, 2048], [1, 2048], [2048]]","[""torch.float16"", ""torch.float16"", ""torch.float16""]",8,8,25.215,3.151875,3.104,3.168
enterprise,1,decode,aten.linear.default,"[[1, 2048], [1280, 2048], [1280]]","[""torch.float16"", ""torch.float16"", ""torch.float16""]",72,72,1017.051,14.125708333333334,13.792,14.784
enterprise,1,decode,aten.split_with_sizes.default,"[[1, 1280]]","[""torch.float16""]",72,0,0.0,0.0,0.0,0.0
enterprise,1,decode,_C.rotary_embedding.default,"[[1], [1, 1024], [1, 128], [32768, 128]]","[""torch.int64"", ""torch.float16"", ""torch.float16"", ""torch.float16""]",72,72,178.624,2.4808888888888885,2.4,2.656
enterprise,1,decode,aten.zeros.default,[],[],72,72,84.288,1.1706666666666667,1.152,1.184
enterprise,1,decode,aten.view.default,"[[1, 1024]]","[""torch.float16""]",144,0,0.0,0.0,0.0,0.0
enterprise,1,decode,aten.view.default,"[[1, 128]]","[""torch.float16""]",144,0,0.0,0.0,0.0,0.0
enterprise,1,decode,vllm.unified_attention_with_output.default,"[[1, 8, 128], [1, 1, 128], [1, 1, 128], [1, 8, 128]]","[""torch.float16"", ""torch.float16"", ""torch.float16"", ""torch.float16""]",72,232,1661.243,23.072819444444445,22.431,24.576
enterprise,1,decode,aten.view.default,"[[1, 8, 128]]","[""torch.float16""]",72,0,0.0,0.0,0.0,0.0
enterprise,1,decode,aten.linear.default,"[[1, 1024], [2048, 1024]]","[""torch.float16"", ""torch.float16""]",72,72,927.419,12.880819444444445,12.672,13.248
enterprise,1,decode,_C.fused_add_rms_norm.default,"[[1, 2048], [1, 2048], [2048]]","[""torch.float16"", ""torch.float16"", ""torch.float16""]",144,144,394.591,2.7402152777777777,2.56,2.944
enterprise,1,decode,aten.linear.default,"[[1, 2048], [11008, 2048]]","[""torch.float16"", ""torch.float16""]",72,72,6737.291,93.57348611111111,93.215,94.048
enterprise,1,decode,aten.empty.memory_format,[],[],88,0,0.0,0.0,0.0,0.0
enterprise,1,decode,_C.silu_and_mul.default,"[[1, 5504], [1, 11008]]","[""torch.float16"", ""torch.float16""]",72,72,260.704,3.6208888888888886,3.52,3.872
enterprise,1,decode,aten.linear.default,"[[1, 5504], [2048, 5504]]","[""torch.float16"", ""torch.float16""]",72,144,4171.378,57.935805555555554,57.504,58.687
enterprise,1,decode,c10d.broadcast_.default,"[[1, 2048]]","[""torch.float16""]",16,16,1451.418,90.713625,7.519,585.598
enterprise,1,decode,aten.to.device,[[1]],"[""torch.int64""]",8,0,0.0,0.0,0.0,0.0
enterprise,1,decode,aten.index_select.default,"[[1, 2048], [1]]","[""torch.float16"", ""torch.int64""]",8,8,20.703,2.587875,2.56,2.623
enterprise,1,decode,aten.linear.default,"[[1, 2048], [75968, 2048]]","[""torch.float16"", ""torch.float16""]",8,8,5087.373,635.921625,635.357,636.19
enterprise,1,decode,c10d.gather_.default,"[[1, 75968]]","[""torch.float16""]",8,8,178.688,22.336,21.664,22.848
cloud,1,prefill,aten.lift_fresh.default,[[1024]],"[""torch.int64""]",8,0,0.0,0.0,0.0,0.0
cloud,1,prefill,aten.detach_.default,[[1024]],"[""torch.int64""]",8,0,0.0,0.0,0.0,0.0
cloud,1,prefill,aten.lift_fresh.default,[[1]],"[""torch.int32""]",8,0,0.0,0.0,0.0,0.0
cloud,1,prefill,aten.detach_.default,[[1]],"[""torch.int32""]",8,0,0.0,0.0,0.0,0.0
cloud,1,prefill,aten.lift_fresh.default,"[[1, 64]]","[""torch.int32""]",1,0,0.0,0.0,0.0,0.0
cloud,1,prefill,aten.detach_.default,"[[1, 64]]","[""torch.int32""]",1,0,0.0,0.0,0.0,0.0
cloud,1,prefill,aten.lift_fresh.default,[[2]],"[""torch.int32""]",8,0,0.0,0.0,0.0,0.0
cloud,1,prefill,aten.detach_.default,[[2]],"[""torch.int32""]",8,0,0.0,0.0,0.0,0.0
cloud,1,prefill,aten.empty.memory_format,[],[],116,0,0.0,0.0,0.0,0.0
cloud,1,prefill,c10d.broadcast_.default,"[[1024, 2048]]","[""torch.float16""]",8,8,4743.674,592.95925,203.552,801.311
cloud,1,prefill,aten.detach.default,[[2048]],"[""torch.float16""]",216,0,0.0,0.0,0.0,0.0
cloud,1,prefill,_C.fused_add_rms_norm.default,"[[1024, 2048], [1024, 2048], [2048]]","[""torch.float16"", ""torch.float16"", ""torch.float16""]",216,216,6315.991,29.240699074074072,28.224,30.464
cloud,1,prefill,aten.linear.default,"[[1024, 2048], [1280, 2048], [1280]]","[""torch.float16"", ""torch.float16"", ""torch.float16""]",108,108,8441.14,78.15870370370371,73.664,83.456
cloud,1,prefill,aten.split_with_sizes.default,"[[1024, 1280]]","[""torch.float16""]",108,0,0.0,0.0,0.0,0.0
cloud,1,prefill,_C.rotary_embedding.default,"[[1024], [1024, 1024], [1024, 128], [32768, 128]]","[""torch.int64"", ""torch.float16"", ""torch.float16"", ""torch.float16""]",108,108,1250.496,11.578666666666667,10.784,12.448
cloud,1,prefill,aten.zeros.default,[],[],108,108,315.616,2.9223703703703703,2.656,3.328
cloud,1,prefill,aten.view.default,"[[1024, 1024]]","[""torch.float16""]",216,0,0.0,0.0,0.0,0.0
cloud,1,prefill,aten.view.default,"[[1024, 128]]","[""torch.float16""]",216,0,0.0,0.0,0.0,0.0
cloud,1,prefill,vllm.unified_attention_with_output.default,"[[1024, 8, 128], [1024, 1, 128], [1024, 1, 128], [1024, 8, 128]]","[""torch.float16"", ""torch.float16"", ""torch.float16"", ""torch.float16""]",108,216,17852.1,165.29722222222222,65.152,281.792
cloud,1,prefill,aten.view.default,"[[1024, 8, 128]]","[""torch.float16""]",108,0,0.0,0.0,0.0,0.0
cloud,1,prefill,aten.linear.default,"[[1024, 1024], [2048, 1024]]","[""torch.float16"", ""torch.float16""]",108,108,5636.731,52.1919537037037,50.4,56.064
cloud,1,prefill,vllm.all_reduce.default,"[[1024, 2048]]","[""torch.float16""]",216,0,0.0,0.0,0.0,0.0
cloud,1,prefill,pynccl.all_reduce,"[[1024, 2048]]","[""torch.float16""]",216,216,72685.338,336.5061944444444,315.199,990.686
cloud,1,prefill,aten.linear.default,"[[1024, 2048], [11008, 2048]]","[""torch.float16"", ""torch.float16""]",108,108,60270.448,558.0597037037037,545.311,580.415
cloud,1,prefill,_C.silu_and_mul.default,"[[1024, 5504], [1024, 11008]]","[""torch.float16"", ""torch.float16""]",108,108,8362.131,77.42713888888889,75.52,79.36
cloud,1,prefill,aten.linear.default,"[[1024, 5504], [2048, 5504]]","[""torch.float16"", ""torch.float16""]",108,108,26610.236,246.39107407407408,240.832,263.072
cloud,1,prefill,aten.lift_fresh.default,"[[1, 128]]","[""torch.int32""]",1,0,0.0,0.0,0.0,0.0
cloud,1,prefill,aten.detach_.default,"[[1, 128]]","[""torch.int32""]",1,0,0.0,0.0,0.0,0.0
cloud,1,prefill,aten.lift_fresh.default,"[[1, 192]]","[""torch.int32""]",1,0,0.0,0.0,0.0,0.0
cloud,1,prefill,aten.detach_.default,"[[1, 192]]","[""torch.int32""]",1,0,0.0,0.0,0.0,0.0
cloud,1,prefill,aten.lift_fresh.default,"[[1, 256]]","[""torch.int32""]",1,0,0.0,0.0,0.0,0.0
cloud,1,prefill,aten.detach_.default,"[[1, 256]]","[""torch.int32""]",1,0,0.0,0.0,0.0,0.0
cloud,1,decode,aten.lift_fresh.default,[[1]],"[""torch.int64""]",16,0,0.0,0.0,0.0,0.0
cloud,1,decode,aten.detach_.default,[[1]],"[""torch.int64""]",16,0,0.0,0.0,0.0,0.0
cloud,1,decode,aten.lift_fresh.default,[[1]],"[""torch.int32""]",16,0,0.0,0.0,0.0,0.0
cloud,1,decode,aten.detach_.default,[[1]],"[""torch.int32""]",16,0,0.0,0.0,0.0,0.0
cloud,1,decode,aten.lift_fresh.default,"[[1, 257]]","[""torch.int32""]",8,0,0.0,0.0,0.0,0.0
cloud,1,decode,aten.detach_.default,"[[1, 257]]","[""torch.int32""]",8,0,0.0,0.0,0.0,0.0
cloud,1,decode,aten.lift_fresh.default,[[2]],"[""torch.int32""]",16,0,0.0,0.0,0.0,0.0
cloud,1,decode,aten.detach_.default,[[2]],"[""torch.int32""]",16,0,0.0,0.0,0.0,0.0
cloud,1,decode,aten.empty.memory_format,[],[],232,0,0.0,0.0,0.0,0.0
cloud,1,decode,c10d.broadcast_.default,"[[1, 2048]]","[""torch.float16""]",16,16,766.944,47.934,7.456,158.08
cloud,1,decode,aten.detach.default,[[2048]],"[""torch.float16""]",432,0,0.0,0.0,0.0,0.0
cloud,1,decode,_C.fused_add_rms_norm.default,"[[1, 2048], [1, 2048], [2048]]","[""torch.float16"", ""torch.float16"", ""torch.float16""]",432,432,1163.552,2.6934074074074075,2.592,2.912
cloud,1,decode,aten.linear.default,"[[1, 2048], [1280, 2048], [1280]]","[""torch.float16"", ""torch.float16"", ""torch.float16""]",216,216,3046.203,14.102791666666667,13.696,14.88
cloud,1,decode,aten.split_with_sizes.default,"[[1, 1280]]","[""torch.float16""]",216,0,0.0,0.0,0.0,0.0
cloud,1,decode,_C.rotary_embedding.default,"[[1], [1, 1024], [1, 128], [32768, 128]]","[""torch.int64"", ""torch.float16"", ""torch.float16"", ""torch.float16""]",216,216,527.744,2.4432592592592592,2.368,2.592
cloud,1,decode,aten.zeros.default,[],[],216,216,252.8,1.1703703703703705,1.152,1.216
cloud,1,decode,aten.view.default,"[[1, 1024]]","[""torch.float16""]",432,0,0.0,0.0,0.0,0.0
cloud,1,decode,aten.view.default,"[[1, 128]]","[""torch.float16""]",432,0,0.0,0.0,0.0,0.0
cloud,1,decode,vllm.unified_attention_with_output.default,"[[1, 8, 128], [1, 1, 128], [1, 1, 128], [1, 8, 128]]","[""torch.float16"", ""torch.float16"", ""torch.float16"", ""torch.float16""]",216,656,4913.53,22.747824074074074,22.272,24.8
cloud,1,decode,aten.view.default,"[[1, 8, 128]]","[""torch.float16""]",216,0,0.0,0.0,0.0,0.0
cloud,1,decode,aten.linear.default,"[[1, 1024], [2048, 1024]]","[""torch.float16"", ""torch.float16""]",216,216,2789.568,12.914666666666665,12.704,14.784
cloud,1,decode,vllm.all_reduce.default,"[[1, 2048]]","[""torch.float16""]",432,0,0.0,0.0,0.0,0.0
cloud,1,decode,pynccl.all_reduce,"[[1, 2048]]","[""torch.float16""]",432,432,11733.606,27.161125,8.192,469.087
cloud,1,decode,aten.linear.default,"[[1, 2048], [11008, 2048]]","[""torch.float16"", ""torch.float16""]",216,216,20212.776,93.57766666666667,93.216,97.248
cloud,1,decode,_C.silu_and_mul.default,"[[1, 5504], [1, 11008]]","[""torch.float16"", ""torch.float16""]",216,216,787.936,3.647851851851852,3.52,3.872
cloud,1,decode,aten.linear.default,"[[1, 5504], [2048, 5504]]","[""torch.float16"", ""torch.float16""]",216,432,12512.394,57.92775,57.376,58.784
